24680901,Dirk,Guys,dguys0@naver.com,3,2133 Delladonna Drive,true
11904532,Kasey,Akred,kakred1@tripadvisor.com,1,81286 Mendota Circle,true
21127267,Barth,Beetham,bbeetham2@w3.org,3,42 Pearson Hill,false
20185772,Thalia,Enterle,tenterle3@taobao.com,5,4495 Arrowood Avenue,true
18643162,Livvy,Becom,lbecom4@craigslist.org,1,52818 Killdeer Alley,true
24029242,Lurlene,Braitling,lbraitling5@topsy.com,3,91077 Fieldstone Plaza,true
20020367,Fernanda,Hugli,fhugli6@zdnet.com,4,60515 Arizona Hill,true
11460590,Janeczka,Fishe,jfishe7@sourceforge.net,2,18925 Village Green Street,false
10462324,Kristy,Alonso,kalonso8@nih.gov,1,111 6th Junction,false
24819186,Elise,Deeble,edeeble9@usda.gov,4,901 Moose Alley,false
16066586,Luce,Perez,lpereza@oaic.gov.au,5,78 Anhalt Alley,true
7751839,Tracy,Eyes,teyesb@issuu.com,5,4348 6th Place,true
21364801,Vanya,Simpkin,vsimpkinc@weebly.com,1,28386 Magdeline Hill,false
14622888,Gnni,Ellams,gellamsd@vimeo.com,2,82300 Goodland Junction,true
29405368,Maude,Stammers,mstammerse@phoca.cz,4,73 Nevada Terrace,true
10548676,Laird,Griffe,lgriffef@desdev.cn,1,62 Gateway Plaza,true
19495020,Anita,Jones,ajonesg@spotify.com,2,28 Maple Wood Circle,true
15502457,Piper,Janeczek,pjaneczekh@wikia.com,5,31 Lawn Center,true
16251721,Erastus,Barlow,ebarlowi@goo.gl,2,7 Crownhardt Hill,true
25345431,Kym,Cowlishaw,kcowlishawj@feedburner.com,1,1250 Summit Way,true
9798887,Nyssa,Cockerill,ncockerillk@behance.net,5,868 Spaight Park,false
24763977,Hermine,Falla,hfallal@comcast.net,2,8152 Mifflin Street,false
15818597,Dona,Gillman,dgillmanm@constantcontact.com,5,377 Kennedy Point,false
28094609,Buckie,Marmion,bmarmionn@kickstarter.com,1,4 Mitchell Way,false
11765377,Germaine,Gever,ggevero@wikipedia.org,5,07108 Kingsford Alley,true
10696678,Rosemaria,Legen,rlegenp@sakura.ne.jp,3,199 Gerald Parkway,true
22069344,Franzen,Liebrecht,fliebrechtq@prlog.org,2,54 Paget Hill,false
21517658,Si,Kepp,skeppr@ebay.co.uk,4,13478 Bowman Street,false
24373855,Kathi,Prydden,kpryddens@booking.com,5,8 Farmco Street,false
28133706,Carole,Harkus,charkust@clickbank.net,4,493 Summerview Plaza,false
21746538,Arda,Humbie,ahumbieu@slate.com,2,293 Melrose Place,false
29345834,Meara,Klaussen,mklaussenv@vk.com,3,0 Delladonna Plaza,true
18783059,Jakob,Baskeyfield,jbaskeyfieldw@mashable.com,2,5 Grayhawk Avenue,true
7967151,Gradey,Dotson,gdotsonx@discuz.net,5,0 Scott Terrace,false
11611251,Chic,Eldredge,celdredgey@webnode.com,2,5109 Marcy Way,true
25906713,Munroe,Freda,mfredaz@columbia.edu,5,0 Hagan Avenue,false
9030409,Allsun,Cescon,acescon10@ox.ac.uk,5,29 Emmet Way,true
26194693,Ramon,Soane,rsoane11@europa.eu,3,0 Karstens Way,true
9932281,Donny,Haverty,dhaverty12@ifeng.com,1,75685 Pepper Wood Street,true
18957283,Kristofor,Lipman,klipman13@istockphoto.com,1,1 Sundown Circle,true
17351967,Madalena,Shallcross,mshallcross14@privacy.gov.au,4,04239 John Wall Street,true
24549171,Siward,Grzegorek,sgrzegorek15@wordpress.com,3,0 Badeau Way,false
10309702,Ursala,Bonds,ubonds16@bloomberg.com,3,6756 Lotheville Hill,false
18551505,Katherina,Langlands,klanglands17@telegraph.co.uk,5,5 Meadow Valley Lane,true
8089633,Perla,Aggiss,paggiss18@exblog.jp,5,02692 Forest Run Center,false
21872748,Diandra,Whitney,dwhitney19@homestead.com,1,8 Fremont Court,true
28954487,Zorina,Kiernan,zkiernan1a@reddit.com,5,97644 Forest Street,true
23160019,Luke,Creswell,lcreswell1b@themeforest.net,3,4 Memorial Pass,true
23754270,Pooh,Langland,plangland1c@bluehost.com,1,1 Mallard Pass,true
8300457,Marcos,Marsland,mmarsland1d@vimeo.com,3,93 Kings Circle,true
20997348,Tommy,Station,tstation1e@wunderground.com,3,5 Prairieview Point,false
10957564,Dorri,Wicklin,dwicklin1f@typepad.com,3,5 Independence Drive,true
24389210,Flinn,Jacox,fjacox1g@sogou.com,5,731 Ryan Avenue,true
8915143,Gus,MacNeice,gmacneice1h@weibo.com,4,0 Blue Bill Park Way,false
26256994,Kassie,Cundict,kcundict1i@state.gov,4,410 Morning Crossing,true
10864412,Edvard,Godthaab,egodthaab1j@jugem.jp,5,3 Linden Parkway,false
22074219,Felicio,Rose,frose1k@sbwire.com,5,399 Hermina Road,true
15019826,Sherlocke,Butler,sbutler1l@oakley.com,5,07553 Tony Center,false
13479780,Blanche,Heale,bheale1m@taobao.com,1,51254 Menomonie Trail,true
28542142,Dun,Pieche,dpieche1n@wikimedia.org,2,27 Brown Crossing,false
9242996,Kristyn,Lovejoy,klovejoy1o@npr.org,3,8473 Longview Terrace,false
15163194,Ashil,McCahill,amccahill1p@opera.com,2,39524 Forest Parkway,false
17709330,Yuma,Canadine,ycanadine1q@xinhuanet.com,3,801 Pankratz Place,false
20390099,Vivyanne,Shimuk,vshimuk1r@senate.gov,3,1 Texas Avenue,true
17242111,Charo,Sutworth,csutworth1s@1688.com,1,8699 Red Cloud Court,true
16268481,Hailee,Maior,hmaior1t@gravatar.com,1,7657 Hooker Center,false
29677353,Cleve,Upstone,cupstone1u@livejournal.com,5,3466 Morrow Pass,false
28319805,Drusi,Rebillard,drebillard1v@cloudflare.com,1,9 Briar Crest Avenue,false
22649557,Debi,Apfler,dapfler1w@google.com,5,786 Truax Point,true
12148595,Windy,Perrygo,wperrygo1x@tripadvisor.com,2,9268 Eagle Crest Plaza,true
17288156,Birgitta,Craister,bcraister1y@blog.com,2,04 Anderson Trail,false
13962752,Yorke,Eagling,yeagling1z@ifeng.com,3,253 Lukken Road,true
21986586,Windy,Cottle,wcottle20@com.com,2,9951 Tennessee Center,false
21072401,Miller,Bytheway,mbytheway21@dailymotion.com,2,146 Hagan Point,false
18648316,Joli,Lokier,jlokier22@xrea.com,2,00 Barnett Drive,false
9874869,Lilith,Form,lform23@photobucket.com,2,437 Schlimgen Hill,true
29192498,Irv,Morpeth,imorpeth24@japanpost.jp,3,13 Forest Run Drive,false
20753578,Emmy,Greenham,egreenham25@economist.com,5,33906 Coleman Plaza,true
24914203,Dusty,Rollinshaw,drollinshaw26@webmd.com,5,18 Grayhawk Point,true
14387364,Noam,Lammerich,nlammerich27@dedecms.com,1,85704 Browning Hill,false
27719368,Charity,Skeldinge,cskeldinge28@webnode.com,2,81 Morrow Crossing,false
22113547,Lancelot,Pringell,lpringell29@usnews.com,5,9 Messerschmidt Pass,true
28910992,Lyon,Yakubowicz,lyakubowicz2a@hibu.com,2,5 Sunnyside Alley,false
27775275,Arvin,Swindell,aswindell2b@vinaora.com,4,939 Fisk Junction,false
25109415,Giustino,Cracker,gcracker2c@t-online.de,5,628 Prairie Rose Place,true
13877177,Rene,Bartali,rbartali2d@house.gov,3,53 Anniversary Junction,true
20590442,Gaylene,Digman,gdigman2e@theglobeandmail.com,4,0 Del Sol Pass,false
19704634,Beryl,Gibbons,bgibbons2f@springer.com,1,2447 International Drive,false
18964276,Mandi,Abbys,mabbys2g@t.co,1,934 Oakridge Court,false
18730051,Pren,Corkitt,pcorkitt2h@skype.com,4,3 Mifflin Junction,true
27671480,Mollie,Conybear,mconybear2i@bbc.co.uk,3,23 Lakeland Drive,true
10414951,Gordie,Scopham,gscopham2j@ted.com,3,86593 Mariners Cove Alley,true
17152486,Koo,Ivetts,kivetts2k@dot.gov,2,5 Summerview Road,false
15702084,Simone,MacEllen,smacellen2l@eepurl.com,2,11 Karstens Lane,true
26912799,Andy,Pagon,apagon2m@ed.gov,5,4 Morning Parkway,false
12481805,Karmen,Nurse,knurse2n@posterous.com,4,94 Cordelia Alley,false
8715186,Garner,Closs,gcloss2o@elegantthemes.com,3,088 Buhler Lane,false
16597355,Starlin,Barstock,sbarstock2p@newyorker.com,5,8 Shoshone Center,true
27440558,Caron,Prowting,cprowting2q@toplist.cz,3,0 Crest Line Hill,true
10132637,Joaquin,Moyers,jmoyers2r@nih.gov,3,99537 Lindbergh Pass,false
15611006,Rand,Hache,rhache2s@npr.org,3,40668 Merrick Center,true
29623198,Alic,Vakhrushev,avakhrushev2t@bing.com,2,3906 Novick Street,false
10923414,Bunni,Lindsell,blindsell2u@theglobeandmail.com,4,3672 Commercial Circle,false
15900918,Ardyce,Joutapavicius,ajoutapavicius2v@google.cn,4,4223 Autumn Leaf Lane,false
27170464,Charissa,Silverthorn,csilverthorn2w@mapquest.com,1,9004 Glacier Hill Center,true
7270109,Estevan,Forder,eforder2x@com.com,4,35 Tomscot Road,true
28520026,Dawn,Troth,dtroth2y@phpbb.com,3,2 Mallard Center,true
28830130,Rosana,Geistmann,rgeistmann2z@arstechnica.com,3,1503 Fuller Avenue,true
27518556,Zak,Heritege,zheritege30@barnesandnoble.com,4,7934 Buena Vista Junction,false
20042739,Elliott,Androck,eandrock31@amazon.com,5,6342 Kim Hill,true
19763555,Mavra,Bordone,mbordone32@hc360.com,2,8 Bluestem Hill,false
20541894,Tine,Von Gladbach,tvongladbach33@tripod.com,1,498 Twin Pines Lane,false
18363790,Ange,Rouge,arouge34@usatoday.com,4,534 Miller Center,false
16402628,Cory,Coton,ccoton35@flavors.me,5,28851 Clarendon Place,true
25574393,Aurelie,Crane,acrane36@ucla.edu,5,10 Delaware Hill,false
15144331,Gayla,Skotcher,gskotcher37@craigslist.org,2,1166 Eggendart Terrace,true
15577716,Torrance,Foulks,tfoulks38@cdbaby.com,1,19571 American Crossing,true
22307062,Urbain,Rippen,urippen39@rakuten.co.jp,3,0 Farwell Pass,true
27890676,Prescott,Howsego,phowsego3a@infoseek.co.jp,4,88050 Homewood Circle,false
29319178,Idelle,Clague,iclague3b@unc.edu,3,26699 Corry Court,false
13222523,Hardy,Ricardou,hricardou3c@cdc.gov,5,85 Menomonie Terrace,false
9303064,Karalynn,Vaughten,kvaughten3d@chicagotribune.com,5,90241 Spaight Hill,true
7377549,Rabbi,Weinham,rweinham3e@sogou.com,3,887 Bultman Court,false
21274518,Fabio,Alenichev,falenichev3f@seesaa.net,1,8865 Pierstorff Circle,false
17020113,Delora,Spray,dspray3g@a8.net,2,66180 Darwin Alley,false
7777833,Joletta,Ferronier,jferronier3h@infoseek.co.jp,2,70 Algoma Place,true
23222653,Ameline,Heningham,aheningham3i@google.co.jp,5,52 Hauk Trail,true
19934010,Marve,Vila,mvila3j@amazonaws.com,2,386 Menomonie Hill,true
17514540,Arlana,McLeoid,amcleoid3k@nationalgeographic.com,3,7270 Butterfield Junction,false
21400960,Haydon,Pollitt,hpollitt3l@cornell.edu,5,95 Artisan Pass,true
21186334,Inigo,Flinn,iflinn3m@gravatar.com,3,20658 Warbler Crossing,true
16360031,Lian,Jaine,ljaine3n@oracle.com,3,42 Elka Terrace,false
25535973,Faythe,Slayford,fslayford3o@ocn.ne.jp,2,46346 Lyons Place,true
11467516,Yoshiko,Oene,yoene3p@sina.com.cn,5,185 Crownhardt Alley,true
21729355,Nolie,Berthod,nberthod3q@tinyurl.com,1,5545 Gina Terrace,true
22892939,West,Heller,wheller3r@blog.com,4,8672 Pankratz Avenue,false
25160504,Michel,Conor,mconor3s@independent.co.uk,4,21314 Troy Street,true
20931493,Casie,Phinn,cphinn3t@dailymotion.com,2,053 Fuller Trail,true
25659821,Beniamino,Searston,bsearston3u@homestead.com,5,2622 Corry Road,true
16261146,Micaela,Feldstein,mfeldstein3v@geocities.jp,5,6 Jenifer Avenue,false
26095128,Sherwood,Rogans,srogans3w@amazon.co.jp,5,3 Hagan Drive,false
15631986,Ethelbert,Doxsey,edoxsey3x@51.la,4,86 Havey Road,true
23387299,Felipe,Wykey,fwykey3y@marriott.com,3,77 Johnson Trail,false
25597714,Alistair,Turmall,aturmall3z@hubpages.com,5,91 Dottie Court,true
23859133,Ginni,Hamblett,ghamblett40@diigo.com,1,7371 Roxbury Court,true
28004324,Claude,Raith,craith41@arizona.edu,5,1 Northfield Place,false
18253370,Shelby,Bigland,sbigland42@nps.gov,5,33344 Spohn Park,false
20981898,Davidde,Ravenhill,dravenhill43@hp.com,1,9698 Carey Alley,true
18146543,Levey,Pymar,lpymar44@archive.org,3,73 7th Avenue,true
28673041,Gan,Orris,gorris45@google.co.uk,1,313 Meadow Ridge Crossing,true
18540844,Waly,Matanin,wmatanin46@hp.com,2,1 Knutson Plaza,false
25165836,Darcy,Elderidge,delderidge47@techcrunch.com,4,23674 Maryland Road,true
21890959,Marney,Robertson,mrobertson48@auda.org.au,2,0204 Raven Avenue,true
11230117,Shamus,Noraway,snoraway49@biglobe.ne.jp,2,70443 Oneill Plaza,false
17230203,Shaylyn,Rawstorne,srawstorne4a@bbc.co.uk,4,44291 Hintze Park,false
18613897,Ardys,Thonason,athonason4b@linkedin.com,4,1 Morrow Terrace,true
15669923,Gabbey,Van Der Walt,gvanderwalt4c@so-net.ne.jp,3,42 Shoshone Plaza,false
16141586,Quintilla,Padley,qpadley4d@reference.com,4,7 Village Crossing,true
27157736,Walton,Showl,wshowl4e@nydailynews.com,3,2 Kingsford Junction,true
21709864,Darrel,Bartke,dbartke4f@google.es,4,8 Hanson Trail,true
24380467,Brook,Mitchard,bmitchard4g@gnu.org,2,03240 Coolidge Lane,true
26752379,Cos,McLafferty,cmclafferty4h@goo.ne.jp,5,8 Elmside Way,false
21429892,Tammy,Warlton,twarlton4i@reference.com,5,91 Delaware Terrace,true
24583443,Fernande,MacGille,fmacgille4j@irs.gov,2,0890 Alpine Alley,true
7215146,Pauly,Cosby,pcosby4k@blinklist.com,5,632 Park Meadow Way,true
19792894,Joshia,Dmych,jdmych4l@tripadvisor.com,3,464 Park Meadow Terrace,false
20670771,Amerigo,Craighall,acraighall4m@nymag.com,1,90357 Katie Court,false
29434727,Ogden,Scramage,oscramage4n@adobe.com,4,2158 Jenifer Court,true
12315978,Korrie,Rheaume,krheaume4o@buzzfeed.com,1,59 Fallview Court,true
29842088,Bertrand,Wrightem,bwrightem4p@msu.edu,2,828 Knutson Avenue,true
25807440,Kimberly,Ofield,kofield4q@europa.eu,3,591 Redwing Hill,true
16947390,Vinnie,Lozano,vlozano4r@uol.com.br,5,070 American Ash Street,false
18587009,Edan,Sudran,esudran4s@msn.com,1,52 Warner Hill,false
16640608,Burton,Lemm,blemm4t@yahoo.com,1,5050 Scoville Crossing,false
25834401,Filberte,Clabburn,fclabburn4u@home.pl,1,566 Kipling Road,true
27038336,Joshuah,Spain-Gower,jspaingower4v@biblegateway.com,1,5 Grover Junction,true
12578095,Niki,Bricket,nbricket4w@marriott.com,2,1649 Chinook Crossing,false
11898569,Tull,Towler,ttowler4x@cpanel.net,5,67 Carioca Lane,false
21828842,Harlie,Dalgardno,hdalgardno4y@dot.gov,2,7361 Golf View Hill,true
29265229,Fannie,Cotty,fcotty4z@wiley.com,4,8275 Wayridge Street,false
26129855,Simone,Mighele,smighele50@ow.ly,3,2982 Havey Road,false
8478273,Ricca,Mullard,rmullard51@51.la,1,6 Claremont Alley,true
16739425,Pete,Pandya,ppandya52@ocn.ne.jp,4,6 Vernon Terrace,true
11969026,Artemis,Barthod,abarthod53@ftc.gov,3,7893 Scott Parkway,false
25533443,Celene,Lanham,clanham54@usda.gov,3,077 Waywood Terrace,true
26418860,Charline,Maddern,cmaddern55@phpbb.com,4,1472 Homewood Road,true
9936825,Tiler,Netley,tnetley56@biglobe.ne.jp,3,236 Bayside Road,false
10707886,Stormy,Skedgell,sskedgell57@123-reg.co.uk,2,5575 Lotheville Point,false
8142627,Carita,Braunle,cbraunle58@time.com,4,71 Coolidge Drive,true
25820524,Anderson,Lockhurst,alockhurst59@foxnews.com,3,7 Main Center,false
19514364,Eliza,Gutch,egutch5a@techcrunch.com,1,7 Caliangt Lane,true
21307277,Meredith,Brolan,mbrolan5b@skype.com,2,902 Grasskamp Circle,true
9566530,Cinnamon,Greensall,cgreensall5c@gravatar.com,4,479 Randy Pass,false
27426871,Krystyna,Yielding,kyielding5d@nih.gov,2,450 2nd Trail,true
25182429,Araldo,McCathy,amccathy5e@usatoday.com,5,3719 Emmet Pass,true
20708209,Ethelyn,Dongate,edongate5f@tamu.edu,3,63030 Fordem Crossing,false
27489272,Cleon,Whitbread,cwhitbread5g@smh.com.au,3,4042 American Ash Junction,true
23803702,Orlando,Liddicoat,oliddicoat5h@a8.net,2,62170 Texas Pass,true
18543101,Christy,Pallas,cpallas5i@hud.gov,4,28834 Prentice Alley,false
14662502,Norri,Dormon,ndormon5j@dell.com,4,3 Bunker Hill Center,false
13042504,Constantino,Hayter,chayter5k@furl.net,5,43 Buhler Plaza,true
18434627,Edita,Emmott,eemmott5l@walmart.com,2,3 La Follette Road,false
7083309,Dalia,Curling,dcurling5m@wsj.com,2,1 Ronald Regan Pass,true
16287589,Hubey,Salzberger,hsalzberger5n@elpais.com,3,82075 Jenifer Hill,true
11182558,Bruno,Beche,bbeche5o@eepurl.com,5,31584 Mifflin Center,true
22045086,Quinta,Simmonite,qsimmonite5p@imageshack.us,5,569 Pearson Circle,false
7989813,Dorene,Athridge,dathridge5q@bravesites.com,5,4881 Golf Course Junction,false
29358088,Caz,Fraczak,cfraczak5r@ox.ac.uk,1,4 Bunker Hill Way,false
19351857,Emmi,McQuorkel,emcquorkel5s@phpbb.com,3,0926 Norway Maple Avenue,false
21473320,Moshe,Sewley,msewley5t@mtv.com,3,55 Jenna Trail,false
16397714,Licha,Caplin,lcaplin5u@microsoft.com,4,4287 Victoria Alley,false
23902521,Daniele,Gregory,dgregory5v@yandex.ru,3,58244 Merrick Street,false
23983792,Eadmund,Lundon,elundon5w@cocolog-nifty.com,2,1989 Melody Plaza,false
13270557,Didi,Rossiter,drossiter5x@wordpress.org,5,82 Esker Crossing,true
8829449,Asia,Easbie,aeasbie5y@paypal.com,2,94721 Dixon Trail,true
25121099,Faythe,Iiannone,fiiannone5z@wsj.com,1,5 Magdeline Trail,true
10055382,Deloris,Godsil,dgodsil60@home.pl,1,69438 Crowley Park,true
7722398,Rayshell,Bilyard,rbilyard61@lycos.com,2,075 Orin Trail,false
7429863,Tuesday,Lygo,tlygo62@nytimes.com,1,315 Rigney Drive,false
11147950,Clare,Geater,cgeater63@com.com,3,020 Eagle Crest Avenue,true
19889718,Myrah,Rosencwaig,mrosencwaig64@fotki.com,1,1 Veith Park,true
27880890,Frans,Oppie,foppie65@youku.com,5,7292 Riverside Street,false
27652622,Gayler,Bleier,gbleier66@businessinsider.com,2,316 Summer Ridge Crossing,true
15453139,Oates,Cufflin,ocufflin67@census.gov,3,40 Heffernan Avenue,true
26993487,Chaddie,Jorn,cjorn68@baidu.com,4,3899 Monica Trail,true
19451569,Jimmie,Mendenhall,jmendenhall69@state.tx.us,4,4500 Dryden Street,false
19873331,Nan,Cherry,ncherry6a@wiley.com,1,71085 Rigney Street,false
20971720,Eddie,Jankowski,ejankowski6b@symantec.com,5,5 Corben Lane,true
8021800,Leeann,Gear,lgear6c@wikimedia.org,3,065 Anniversary Road,true
18992366,Marquita,MacDavitt,mmacdavitt6d@scientificamerican.com,2,790 New Castle Pass,false
14266292,Vincents,Farrall,vfarrall6e@dion.ne.jp,3,275 Roth Junction,true
15980939,Charla,Scurman,cscurman6f@blogspot.com,2,89 Ilene Crossing,false
10518042,Lilah,Rosenblum,lrosenblum6g@cyberchimps.com,1,4074 Lukken Center,false
7793987,Lucila,Kewzick,lkewzick6h@paypal.com,1,211 7th Junction,true
10084271,Gunilla,Strongman,gstrongman6i@state.gov,5,3963 Harper Plaza,true
18797693,Beverly,Meriet,bmeriet6j@samsung.com,2,3730 Leroy Pass,false
27272925,Janetta,Pashenkov,jpashenkov6k@nyu.edu,2,3628 Bluejay Avenue,true
7232496,Halie,Rustman,hrustman6l@cafepress.com,4,23 Thackeray Lane,false
9371123,Herbert,Hardi,hhardi6m@artisteer.com,2,9 Old Shore Place,false
8813587,Jenelle,Koopman,jkoopman6n@who.int,2,24 Mendota Point,false
9230808,Camella,Mochan,cmochan6o@google.pl,5,60831 Crescent Oaks Court,false
19542351,Debby,Letterick,dletterick6p@taobao.com,3,39647 Forest Dale Plaza,false
12528648,Dix,Chattell,dchattell6q@indiegogo.com,4,10232 Mayer Avenue,false
23638758,Abigale,Bellord,abellord6r@zdnet.com,4,142 Merry Street,false
27031664,Lindsey,Teissier,lteissier6s@so-net.ne.jp,2,70 Becker Street,true
11283903,Amalie,Lernihan,alernihan6t@umn.edu,4,397 Summerview Street,false
15441380,Amata,Tunsley,atunsley6u@cnet.com,1,719 Kinsman Pass,true
20340448,Shellysheldon,Aymeric,saymeric6v@amazon.de,5,50 Fulton Lane,false
21086138,Smitty,Seiffert,sseiffert6w@phpbb.com,1,87 Northport Way,true
22850822,Alasteir,Slorance,aslorance6x@discovery.com,1,890 Mayer Drive,false
18854177,Orv,Missington,omissington6y@uol.com.br,3,04 Autumn Leaf Court,true
22678246,Sergei,Izhakov,sizhakov6z@123-reg.co.uk,4,9 Anderson Plaza,false
15548123,Keeley,Jakes,kjakes70@yellowbook.com,4,59557 Rieder Way,false
27084796,Marita,Plaskitt,mplaskitt71@webs.com,2,87 Service Avenue,true
24549296,Nataniel,Frift,nfrift72@theatlantic.com,3,70 Pearson Plaza,false
16069838,Georgiana,Race,grace73@123-reg.co.uk,1,0252 Mosinee Alley,false
22590388,Piper,Phare,pphare74@opensource.org,3,00 Forest Park,true
29248039,Svend,Lathleiffure,slathleiffure75@cam.ac.uk,1,65706 Evergreen Center,true
29834088,Calla,Pedrollo,cpedrollo76@issuu.com,2,14256 Lighthouse Bay Court,false
28137253,Flossi,Marran,fmarran77@phpbb.com,5,893 Columbus Road,true
16957314,Nickolai,Stones,nstones78@google.ca,3,2800 Monica Pass,false
13106196,Catherina,Peattie,cpeattie79@google.com.hk,4,217 John Wall Road,true
13785784,Geralda,Doll,gdoll7a@fastcompany.com,5,72 Blue Bill Park Plaza,false
11751667,Jayme,Ianitti,jianitti7b@walmart.com,1,00 Golden Leaf Hill,true
26487771,Cristi,Fitchell,cfitchell7c@tinypic.com,1,3391 Division Park,true
16146785,Duky,Aburrow,daburrow7d@statcounter.com,4,03 Fordem Street,true
14076477,Enriqueta,Killelay,ekillelay7e@surveymonkey.com,2,12272 Prairie Rose Avenue,true
20870707,Tana,Borrie,tborrie7f@yellowbook.com,1,84 Buell Alley,true
29949816,Emyle,Cristofvao,ecristofvao7g@github.io,4,491 Rowland Terrace,false
16072168,Lindsay,Copper,lcopper7h@nifty.com,3,4766 Eastwood Park,false
9007065,Jena,Symcoxe,jsymcoxe7i@e-recht24.de,5,29760 Drewry Way,false
14444281,Stefania,Dowey,sdowey7j@histats.com,3,8 Delaware Place,false
20181707,Ezmeralda,Lavery,elavery7k@smh.com.au,1,781 Butterfield Trail,true
29726084,Andie,Moreland,amoreland7l@time.com,1,467 Brown Park,false
25256898,Carlos,Barti,cbarti7m@ebay.co.uk,3,69030 Nelson Center,true
24646613,Rani,Accombe,raccombe7n@loc.gov,4,4663 Loftsgordon Circle,false
20346843,Deck,Buddock,dbuddock7o@omniture.com,3,7 Spohn Road,true
21625626,Sky,Danzig,sdanzig7p@engadget.com,1,7 Anderson Point,false
14032484,Teddy,Farress,tfarress7q@wsj.com,1,7306 Express Drive,false
7530288,Samuele,Craghead,scraghead7r@artisteer.com,2,0273 Charing Cross Trail,true
17647732,York,Ruter,yruter7s@ftc.gov,4,615 Arkansas Crossing,false
9414116,Rowland,Laight,rlaight7t@a8.net,4,6446 Golden Leaf Place,false
10510603,Joye,Malloy,jmalloy7u@businesswire.com,1,1 John Wall Hill,true
14344696,Belinda,Campes,bcampes7v@cafepress.com,1,69 Fairview Alley,true
29388293,Ogdon,Penk,openk7w@chronoengine.com,2,79086 Lake View Road,false
18413851,Cesaro,Habron,chabron7x@marketwatch.com,5,3752 American Ash Way,false
12132360,Lorette,Boland,lboland7y@reddit.com,2,543 Monica Plaza,true
11895545,Cherey,Purcer,cpurcer7z@google.fr,1,8 Parkside Way,false
20194766,Dyna,Nattriss,dnattriss80@google.pl,4,7 Dwight Terrace,true
16256309,Oates,Cardow,ocardow81@weibo.com,4,2665 Iowa Place,false
28154427,Laurel,Ransley,lransley82@prnewswire.com,4,39279 Lerdahl Place,false
21173915,Kora,Bengough,kbengough83@discuz.net,2,082 Karstens Drive,false
19846071,Jeane,Elcoux,jelcoux84@noaa.gov,5,7 Sunnyside Junction,false
9220973,Evie,Rzehor,erzehor85@sphinn.com,3,4 Hollow Ridge Alley,true
20236177,Northrop,Corpes,ncorpes86@yahoo.co.jp,3,03602 Steensland Hill,true
19973852,Dannel,Behnecken,dbehnecken87@tumblr.com,1,9 Packers Center,true
13131906,Emelina,Millea,emillea88@npr.org,3,00679 Talisman Road,false
29348406,Rosemonde,Dempster,rdempster89@telegraph.co.uk,1,49 Carberry Crossing,false
19615582,Antonin,Darling,adarling8a@123-reg.co.uk,5,1474 Nobel Lane,true
9820157,Robert,Scoggan,rscoggan8b@cmu.edu,5,854 Crescent Oaks Plaza,false
9702381,Turner,Letherbury,tletherbury8c@biblegateway.com,5,23 Jana Center,false
9083591,Rahel,Kenningham,rkenningham8d@cargocollective.com,3,34906 6th Road,false
23989877,Eduino,Umfrey,eumfrey8e@cargocollective.com,2,23 Eagle Crest Parkway,false
10142932,Cinderella,Barhims,cbarhims8f@amazonaws.com,2,08 Montana Way,false
10795542,Etheline,Albiston,ealbiston8g@uiuc.edu,4,3532 Oneill Plaza,false
16152223,Dulcia,Tomasik,dtomasik8h@bravesites.com,3,70 Lukken Terrace,true
17301997,Lennard,Banbrigge,lbanbrigge8i@rambler.ru,5,65 Crescent Oaks Alley,true
19854460,Sebastian,Norris,snorris8j@jiathis.com,3,45 Little Fleur Avenue,false
19228560,Ashbey,MacGauhy,amacgauhy8k@ca.gov,1,02 Dovetail Junction,false
18140306,Kayla,Blaisdell,kblaisdell8l@wunderground.com,1,726 Dunning Street,true
28446509,Elsy,Duinbleton,eduinbleton8m@biblegateway.com,4,4944 Colorado Avenue,true
11298330,Jeno,Livard,jlivard8n@patch.com,3,79694 Grim Alley,false
18800876,Trefor,Barthod,tbarthod8o@biglobe.ne.jp,4,8970 Mallory Junction,false
13567079,Fidelia,Spawton,fspawton8p@cyberchimps.com,5,214 Acker Place,false
25714771,Lotte,MacGiany,lmacgiany8q@irs.gov,3,00858 Killdeer Avenue,true
26589728,Ozzy,Pepys,opepys8r@phpbb.com,5,871 Donald Street,false
24566547,Dare,Heber,dheber8s@plala.or.jp,4,2 Raven Circle,true
14455513,Meredithe,Francomb,mfrancomb8t@hexun.com,4,27791 Corry Way,true
8956021,Lynde,Balma,lbalma8u@booking.com,2,224 Cordelia Point,false
14192666,Alexi,Cayser,acayser8v@plala.or.jp,1,7323 Scott Junction,true
14124519,Dolph,Megson,dmegson8w@va.gov,5,9252 Schiller Junction,false
25945901,Arlena,Palphramand,apalphramand8x@biblegateway.com,4,0320 Esker Lane,false
21260298,Judas,Abbott,jabbott8y@usgs.gov,1,5 Bay Hill,false
24835466,Erwin,Audritt,eaudritt8z@topsy.com,2,47026 Bobwhite Way,false
28041942,Murdock,Kleinmann,mkleinmann90@yellowpages.com,4,5353 Sullivan Street,false
28433990,Lilly,Stuke,lstuke91@networkadvertising.org,3,27596 Sherman Way,true
21878716,Rusty,Lecordier,rlecordier92@toplist.cz,3,036 Lakewood Gardens Drive,true
27231742,Rouvin,Backs,rbacks93@smh.com.au,4,332 Cottonwood Point,true
25133092,Maynard,Wailes,mwailes94@plala.or.jp,4,1 Lakeland Park,true
15037782,Suki,Holdforth,sholdforth95@usa.gov,5,5084 Wayridge Road,false
27437211,Sigismund,Worsam,sworsam96@aol.com,1,3987 Lien Pass,true
10989399,Hope,Edson,hedson97@gravatar.com,5,75313 Redwing Plaza,true
29819977,Kay,Abercromby,kabercromby98@squarespace.com,3,08620 Cordelia Pass,false
22614603,Chlo,Harbidge,charbidge99@topsy.com,4,63 Caliangt Drive,false
27815425,Judon,Conman,jconman9a@rakuten.co.jp,3,95 Fisk Parkway,false
11081734,Siward,Tough,stough9b@bbb.org,4,2554 Burrows Junction,false
28518934,Jacquelynn,Cohr,jcohr9c@yellowbook.com,1,093 Vera Way,false
18373904,Ashby,Greenstead,agreenstead9d@bigcartel.com,3,464 Prairieview Terrace,true
19131411,Dorothea,Stallard,dstallard9e@nationalgeographic.com,5,7 Commercial Hill,true
19822919,Saloma,Pardie,spardie9f@miitbeian.gov.cn,1,4 Mayer Junction,true
16797329,Mariya,Lorenzetto,mlorenzetto9g@ucoz.ru,5,8 Hallows Point,true
20985323,Mikael,Boaler,mboaler9h@stumbleupon.com,3,31 Annamark Plaza,true
12615724,Dione,Halcro,dhalcro9i@toplist.cz,5,8 Dryden Crossing,false
19515722,Dorotea,Duggon,dduggon9j@example.com,2,42 Everett Crossing,true
8776975,Hinze,Garmey,hgarmey9k@woothemes.com,4,4 Burning Wood Way,false
27594959,Calv,Ridgedell,cridgedell9l@wordpress.com,5,9 Michigan Pass,false
13670471,Haskel,Bridgwater,hbridgwater9m@stanford.edu,3,5 Larry Terrace,false
14562166,Eyde,Pinkstone,epinkstone9n@soundcloud.com,2,0567 Pierstorff Lane,true
9657739,Ferdinande,Gaffon,fgaffon9o@g.co,5,67 Katie Avenue,false
21203105,Jilli,Dumphries,jdumphries9p@mit.edu,2,849 Carpenter Circle,false
18607063,Ginger,Howden,ghowden9q@yahoo.co.jp,5,208 Towne Alley,false
12722129,Kyle,Corstorphine,kcorstorphine9r@slideshare.net,1,36066 Myrtle Terrace,true
28167318,Suzie,Wilkennson,swilkennson9s@alibaba.com,2,9450 Superior Street,true
20973232,Emalia,Wooder,ewooder9t@tuttocitta.it,4,633 Burning Wood Junction,false
12993276,Kristen,Eastabrook,keastabrook9u@reverbnation.com,3,55813 Doe Crossing Parkway,true
29769959,Isak,Coltart,icoltart9v@w3.org,4,96 Arizona Junction,false
19029313,Konrad,Marguerite,kmarguerite9w@chron.com,1,35 Veith Court,false
12021203,Kimberley,Shayler,kshayler9x@paypal.com,4,05 Goodland Center,false
25622369,Reta,Colt,rcolt9y@goodreads.com,2,6180 Kropf Court,false
10207464,Kate,Samarth,ksamarth9z@wikimedia.org,4,7 Anniversary Terrace,false
10040237,Niles,Simukov,nsimukova0@woothemes.com,4,66 Northfield Center,true
17818067,Vasily,Effemy,veffemya1@aol.com,3,13 Mallard Drive,false
11217009,Hally,Hentze,hhentzea2@usnews.com,1,24 Quincy Parkway,false
13318068,Tarah,Le Galle,tlegallea3@netvibes.com,5,085 Service Avenue,false
15151886,Gabie,Briiginshaw,gbriiginshawa4@forbes.com,3,27967 Sundown Way,true
9867505,Ardelle,Pinney,apinneya5@msu.edu,1,97385 Walton Point,true
10474776,Babette,Raatz,braatza6@google.fr,3,45 Debra Crossing,true
17242367,Camella,Stoffler,cstofflera7@huffingtonpost.com,4,2889 Homewood Court,false
23596632,Eddie,Wordley,ewordleya8@slate.com,1,791 Warbler Trail,false
9576378,Reeva,Reame,rreamea9@harvard.edu,5,9 Swallow Road,false
18216103,Ax,Pollitt,apollittaa@istockphoto.com,1,4171 Colorado Center,false
14983759,Theodore,Muncie,tmuncieab@a8.net,2,92865 Eliot Drive,false
29465482,Laure,Rodrigo,lrodrigoac@adobe.com,3,37913 Eagan Terrace,false
10719775,Erek,Flatt,eflattad@google.ru,4,098 Mandrake Pass,true
21744778,Cameron,Dedenham,cdedenhamae@admin.ch,1,53 Clyde Gallagher Place,false
12947299,Phineas,Premble,pprembleaf@who.int,4,39 Larry Circle,false
25310912,Hebert,Coverdale,hcoverdaleag@state.tx.us,1,50325 Schiller Avenue,false
29543881,Tomi,Wycliff,twycliffah@biglobe.ne.jp,3,2480 Pawling Lane,true
11956586,Ricca,Lathleiffure,rlathleiffureai@1688.com,1,885 Hayes Trail,true
13166269,Janessa,Surmon,jsurmonaj@infoseek.co.jp,3,573 Ludington Circle,false
27972844,Nada,Gladding,ngladdingak@cam.ac.uk,4,28 Quincy Point,true
18425831,Bryce,Scripps,bscrippsal@columbia.edu,5,227 Milwaukee Hill,false
13675354,Dulce,O'Geaney,dogeaneyam@goo.gl,5,1 Lawn Plaza,false
25435792,Dorian,Glenny,dglennyan@alibaba.com,4,87818 Hovde Plaza,false
24567526,Jobey,Bakhrushkin,jbakhrushkinao@parallels.com,3,97582 2nd Junction,true
12997782,Levon,Maly,lmalyap@nsw.gov.au,1,18372 Paget Point,false
27735693,Leticia,Clowney,lclowneyaq@hao123.com,5,884 Canary Court,true
21161771,Osbert,Adaway,oadawayar@w3.org,5,1055 Warbler Plaza,false
17436176,Diahann,Korneluk,dkornelukas@myspace.com,4,911 Reindahl Junction,false
15169795,Matthiew,Blencowe,mblencoweat@telegraph.co.uk,2,239 Browning Parkway,true
27328155,Helen-elizabeth,Lanegran,hlanegranau@irs.gov,4,0 Hintze Circle,true
18923411,Haywood,Wisden,hwisdenav@ucsd.edu,1,9742 Nobel Junction,true
7910642,Nessy,Allmann,nallmannaw@icio.us,1,0 Becker Trail,true
23351440,Priscella,Kilbane,pkilbaneax@merriam-webster.com,3,93 Hayes Terrace,true
24031638,Eddy,Waberer,ewabereray@pen.io,3,33158 Sherman Crossing,false
12029536,Rosina,Santello,rsantelloaz@cafepress.com,4,852 Comanche Point,true
27418493,Artair,Sadgrove,asadgroveb0@who.int,3,082 Lien Drive,true
20475864,Shana,Twelvetrees,stwelvetreesb1@imageshack.us,3,13133 Coolidge Terrace,true
23768649,Ardenia,Jacobsohn,ajacobsohnb2@baidu.com,4,7 Oriole Avenue,true
26235619,Ransell,Erington,reringtonb3@blog.com,1,517 Eastlawn Center,true
15728779,Bruno,Filov,bfilovb4@thetimes.co.uk,4,8790 Talisman Avenue,false
22223418,Ginni,Meacher,gmeacherb5@technorati.com,3,2 Coleman Crossing,false
23962693,Araldo,Waldocke,awaldockeb6@spiegel.de,3,098 Boyd Circle,true
22759781,Win,Berryann,wberryannb7@pbs.org,3,821 Katie Avenue,true
14523454,Pen,Corhard,pcorhardb8@gizmodo.com,3,24 Kings Way,false
9044909,Annadiane,Duchenne,aduchenneb9@java.com,1,37 Nelson Parkway,false
25829769,Christiano,Marner,cmarnerba@phoca.cz,3,9 Upham Park,true
29053197,Jacki,Ledwich,jledwichbb@so-net.ne.jp,4,8 Birchwood Plaza,false
7838294,Dulsea,Brind,dbrindbc@dedecms.com,3,6669 Maywood Alley,false
15235596,Klaus,Weinmann,kweinmannbd@fastcompany.com,5,290 Ramsey Alley,true
22414530,Ashby,Careswell,acareswellbe@ifeng.com,1,649 Armistice Center,false
11529457,Mavis,Rhule,mrhulebf@google.com.br,5,60 Paget Road,true
26605789,Kacie,Paten,kpatenbg@wikimedia.org,5,707 Main Road,false
11217110,Walden,Georgelin,wgeorgelinbh@addtoany.com,5,5352 Eggendart Avenue,true
25931094,Florry,Lemon,flemonbi@ox.ac.uk,5,9269 Killdeer Crossing,false
20629389,Corabella,Steane,csteanebj@plala.or.jp,2,44101 Merchant Parkway,true
7616088,Zelda,Sprankling,zspranklingbk@cnn.com,1,21 Autumn Leaf Lane,true
23739017,Ruben,Ubsdall,rubsdallbl@lycos.com,2,1 Roxbury Parkway,false
26526033,Rania,Bigg,rbiggbm@upenn.edu,3,34 Green Ridge Road,true
13116269,Constantina,Henkens,chenkensbn@meetup.com,5,3 Sheridan Hill,true
27580807,Pavla,Trickey,ptrickeybo@samsung.com,3,0 Hovde Pass,true
19910995,Kristi,Yakovich,kyakovichbp@irs.gov,3,651 Red Cloud Park,true
8958137,Dorise,Duckfield,dduckfieldbq@archive.org,2,5237 Rigney Pass,false
20022339,Osmond,Blenkensop,oblenkensopbr@discovery.com,3,9 Dayton Way,true
23610734,Marika,Jodrellec,mjodrellecbs@phoca.cz,2,58431 Stone Corner Avenue,false
17002869,Lolita,Flaune,lflaunebt@dyndns.org,4,2989 Orin Crossing,true
11820113,Davida,Dominique,ddominiquebu@npr.org,1,31 Schurz Avenue,false
10974557,Linus,Docharty,ldochartybv@psu.edu,3,1 Bashford Crossing,true
10287408,Virgil,Atchly,vatchlybw@about.me,1,23 Schurz Street,true
21761127,Josefa,Beccero,jbeccerobx@bloglovin.com,4,0 Declaration Avenue,false
27533976,Moyna,Scurrey,mscurreyby@furl.net,2,8451 Ruskin Lane,true
20256445,Corly,Surmeir,csurmeirbz@istockphoto.com,5,4 Hudson Point,false
28580895,Peirce,Verney,pverneyc0@canalblog.com,5,682 Scofield Plaza,true
29868006,Frankie,Gerholz,fgerholzc1@dailymotion.com,2,339 Talisman Hill,false
7462951,Kassia,Peer,kpeerc2@linkedin.com,3,6779 Bunting Street,true
15890872,Bertram,Hutt,bhuttc3@nasa.gov,3,84031 Mayfield Terrace,true
18296370,Ingrid,Agates,iagatesc4@twitpic.com,1,4336 Sachs Junction,false
25983569,Lissa,Duns,ldunsc5@seesaa.net,1,127 Waxwing Terrace,true
11254561,Vale,Tatam,vtatamc6@weather.com,4,38 Kipling Trail,true
18093157,Max,O'Currine,mocurrinec7@sakura.ne.jp,2,2084 Morningstar Terrace,true
18728595,Ofella,Orlton,oorltonc8@upenn.edu,2,8 Welch Point,true
26487989,Elicia,Dymoke,edymokec9@jigsy.com,4,2 Knutson Avenue,false
18800664,Gayel,Minero,gmineroca@jugem.jp,5,21915 Manitowish Center,true
24036412,Delmore,Wolfers,dwolferscb@baidu.com,1,58 Thierer Circle,true
8472860,Alica,Thomke,athomkecc@geocities.jp,3,7798 Mariners Cove Hill,false
24244799,Lorrayne,Sidebotton,lsidebottoncd@samsung.com,4,83764 Mcguire Drive,true
12458613,Barbabas,Gildea,bgildeace@wordpress.com,5,169 Delladonna Plaza,true
14698184,Evita,Clear,eclearcf@bravesites.com,4,34982 Warbler Point,false
10315705,Phelia,Dutnall,pdutnallcg@wordpress.com,1,26 Bellgrove Drive,false
21151485,Leanna,Honywill,lhonywillch@w3.org,4,21 Westend Plaza,false
29414353,Adamo,Suthworth,asuthworthci@barnesandnoble.com,5,3957 Emmet Court,false
20731697,Elfrida,Bartleman,ebartlemancj@dell.com,1,0371 Spohn Center,true
9604994,Sharron,Macci,smaccick@vimeo.com,2,334 Bultman Junction,true
28306651,Gaye,Capozzi,gcapozzicl@mlb.com,1,25184 Fuller Court,true
24707602,Liz,Velez,lvelezcm@google.ru,1,35 Cody Junction,true
16493498,Alexia,Chippindall,achippindallcn@vistaprint.com,3,42 Magdeline Way,false
23015300,Lindsey,Twigg,ltwiggco@dyndns.org,1,8663 Vernon Place,false
16350446,Ly,Gremane,lgremanecp@latimes.com,1,9 Declaration Lane,false
9658414,Morgan,Smogur,msmogurcq@ning.com,3,1549 Truax Crossing,false
16947889,Van,Feander,vfeandercr@over-blog.com,2,13281 Mockingbird Trail,false
9942936,Nicky,Ridwood,nridwoodcs@abc.net.au,2,93 Shelley Junction,false
7851182,Sofie,Stentiford,sstentifordct@kickstarter.com,3,6 Ilene Circle,true
26223065,Cirstoforo,Louiset,clouisetcu@china.com.cn,3,89257 Michigan Terrace,false
20826227,Lorrie,Joysey,ljoyseycv@prweb.com,3,96 Crescent Oaks Alley,false
11872500,Roxanne,Crump,rcrumpcw@symantec.com,4,72923 Valley Edge Pass,false
17617905,Sibley,Arnot,sarnotcx@jalbum.net,5,026 Lakewood Gardens Lane,true
9293976,Glyn,Clinnick,gclinnickcy@alibaba.com,1,4 Division Parkway,false
10789836,Elonore,Aymeric,eaymericcz@posterous.com,1,51 Mccormick Way,true
11249893,Conant,Strafford,cstraffordd0@dell.com,2,22 Oak Point,true
20274095,Marven,Hamlet,mhamletd1@wix.com,3,521 Atwood Court,true
22498531,Gianina,Hagan,ghagand2@mozilla.org,2,9 Londonderry Junction,true
15790257,Menard,Clapston,mclapstond3@instagram.com,5,472 Elgar Drive,false
8115284,Isa,Bloomfield,ibloomfieldd4@gnu.org,2,02 North Trail,false
28917922,Bunny,Ludman,bludmand5@dell.com,5,06032 Kropf Center,false
17918219,Waiter,McCotter,wmccotterd6@etsy.com,5,238 Barnett Junction,true
16220909,Lorie,Sanpher,lsanpherd7@mapy.cz,4,54 Shopko Center,false
25466892,Odilia,McKerley,omckerleyd8@ebay.com,2,01039 Eastwood Way,false
9693049,Phylis,Grinikhin,pgrinikhind9@netlog.com,2,840 Merchant Trail,true
25093571,Reese,Purdey,rpurdeyda@yahoo.com,4,04819 Mosinee Street,false
22900314,Charmion,Smitherham,csmitherhamdb@livejournal.com,1,658 Shoshone Place,false
8306842,Raymond,Rabat,rrabatdc@nsw.gov.au,2,77322 Fremont Court,true
17211971,Rora,Nystrom,rnystromdd@washingtonpost.com,3,7 Hansons Lane,false
22484467,Daven,Yakushkin,dyakushkinde@angelfire.com,3,151 Namekagon Pass,false
11333864,Arlene,Hallybone,ahallybonedf@de.vu,5,2 Melby Way,false
23936282,Binnie,Castrillo,bcastrillodg@ucla.edu,4,67 Miller Avenue,true
29639677,Anabel,Krol,akroldh@engadget.com,4,26008 Stone Corner Street,true
23464017,Norrie,Rawes,nrawesdi@edublogs.org,3,6885 Dunning Pass,false
13013443,Ethelred,Van den Velden,evandenveldendj@va.gov,1,964 Badeau Center,true
26869234,Sallyanne,L' Anglois,slangloisdk@wikipedia.org,2,775 Ilene Point,false
9840537,Rosalyn,Hinzer,rhinzerdl@deliciousdays.com,3,01075 Sommers Terrace,false
9402503,Guy,Yoselevitch,gyoselevitchdm@sphinn.com,4,935 Ryan Terrace,false
9628932,Valli,Beardshall,vbeardshalldn@moonfruit.com,5,8296 Waubesa Drive,false
29953241,Lauralee,Bowstead,lbowsteaddo@globo.com,5,1224 Sachs Trail,true
19123978,Byrann,McGiffin,bmcgiffindp@prweb.com,2,366 Corry Circle,false
20604264,Fionna,Windaybank,fwindaybankdq@wiley.com,3,986 Schlimgen Trail,true
9410011,Alameda,Lamberti,alambertidr@youku.com,4,23 Continental Junction,false
13870162,Hilliard,Froom,hfroomds@blog.com,3,62 Bobwhite Lane,false
29918219,Tommie,Thewys,tthewysdt@fastcompany.com,1,8592 David Way,true
23362579,Codi,Canet,ccanetdu@amazon.de,5,2 Crescent Oaks Drive,false
14158214,Cullie,Medgewick,cmedgewickdv@prweb.com,5,5832 Hovde Court,false
14405070,Laurena,Itscowicz,litscowiczdw@harvard.edu,1,19896 Kedzie Place,false
12322226,Boot,Tarzey,btarzeydx@sohu.com,5,0 Anniversary Avenue,false
18841938,Bettye,Markova,bmarkovady@dell.com,1,252 Eastwood Crossing,true
13564325,Gary,Harsant,gharsantdz@yahoo.co.jp,2,329 Ridge Oak Junction,false
8413448,Erl,Ingham,einghame0@shinystat.com,3,20503 Glendale Road,true
17759269,Davis,Caunt,dcaunte1@msn.com,5,19672 Memorial Center,true
16750786,Miles,Cockitt,mcockitte2@home.pl,3,9 Dunning Point,false
13960941,Clayborn,Ninnotti,cninnottie3@reddit.com,1,41886 Red Cloud Drive,true
10486315,Adoree,Perritt,aperritte4@t-online.de,5,564 Novick Way,false
10112310,Lindie,Gwilliam,lgwilliame5@behance.net,3,6 Waubesa Lane,false
20473070,Emelda,Brownbridge,ebrownbridgee6@cisco.com,5,8397 Hintze Alley,true
24333916,Farand,Videneev,fvideneeve7@netvibes.com,3,030 Northfield Avenue,false
28538718,Claudell,Powe,cpowee8@gnu.org,5,350 Havey Circle,true
19722083,Charissa,Kleint,ckleinte9@vk.com,2,397 Fairfield Way,true
23826102,Oswald,Conew,oconewea@cam.ac.uk,4,340 Spaight Street,true
27031903,Gaylene,Klyner,gklynereb@yahoo.com,3,5145 Bonner Lane,false
24190184,Ashien,Keays,akeaysec@dailymail.co.uk,4,1184 Bluejay Hill,true
23156258,Aili,Handmore,ahandmoreed@last.fm,5,6821 Graceland Parkway,false
14299252,Kylynn,Leipoldt,kleipoldtee@dagondesign.com,5,9039 Main Way,false
17073952,Elisa,Broxton,ebroxtonef@redcross.org,4,54 Hazelcrest Road,true
29310420,Fonz,Templman,ftemplmaneg@nature.com,1,35344 Grover Circle,true
25191177,Cesya,Petofi,cpetofieh@gmpg.org,1,9 Reinke Plaza,false
20685436,Arlena,Bennie,abennieei@unblog.fr,1,77560 Duke Terrace,true
8134462,Kirstin,Branni,kbranniej@people.com.cn,3,1691 Ilene Place,true
28233257,Sabra,Geraldo,sgeraldoek@hugedomains.com,5,1178 Brown Junction,true
17842061,Aubrey,Bispo,abispoel@ifeng.com,5,93045 Rusk Drive,false
13934356,Hirsch,Housegoe,hhousegoeem@ehow.com,3,345 Gale Parkway,false
19446131,Neils,Schutte,nschutteen@businesswire.com,2,74267 Banding Terrace,true
14532466,Siana,Dauby,sdaubyeo@example.com,4,49 Northfield Road,true
8232007,Brandyn,Nern,bnernep@yellowbook.com,5,5 Goodland Trail,false
12637504,Cecilius,Loos,clooseq@nationalgeographic.com,5,1 International Pass,true
10798464,Belle,Boshell,bbosheller@ifeng.com,3,8 Pleasure Point,true
25980647,Susanna,Ronayne,sronaynees@seattletimes.com,2,392 Wayridge Center,false
8695281,Krystal,Mitchelmore,kmitchelmoreet@devhub.com,5,0372 Mesta Plaza,false
25684047,Joann,Smitton,jsmittoneu@drupal.org,1,66 Dakota Avenue,false
16844533,Wolfgang,Adair,wadairev@google.nl,1,961 Merrick Place,false
21171618,Lianna,Elias,leliasew@flickr.com,3,7678 Logan Park,true
11857602,Gregory,Bloy,gbloyex@fc2.com,1,3726 Bonner Trail,true
15260174,Abbi,Lademann,alademanney@plala.or.jp,3,00414 Arkansas Avenue,false
11291057,Flori,Loody,floodyez@dion.ne.jp,3,3748 Dunning Way,false
21759822,Nickola,Hackworthy,nhackworthyf0@wordpress.org,1,5 Fulton Street,true
19673989,Jonathan,Ringham,jringhamf1@senate.gov,1,6 Hudson Place,false
20056526,Adriaens,Hebner,ahebnerf2@etsy.com,3,1 Lerdahl Crossing,true
11095515,Elvis,Arminger,earmingerf3@cisco.com,4,143 Green Ridge Pass,false
27979308,Sean,Whittam,swhittamf4@naver.com,5,79 Johnson Drive,false
28976318,Annabal,Towhey,atowheyf5@vk.com,4,6 Daystar Lane,true
24477889,Silvester,Rudd,sruddf6@shinystat.com,1,06943 Almo Place,true
18708570,Meggie,Demange,mdemangef7@artisteer.com,1,30 Oak Valley Avenue,false
28950241,Sibley,Cecchi,scecchif8@gizmodo.com,4,4 Sunbrook Plaza,false
21678341,Millisent,Tarquinio,mtarquiniof9@loc.gov,5,2 Lake View Park,true
18063083,Lucine,Devil,ldevilfa@cocolog-nifty.com,2,5013 Ridgeview Hill,false
26559422,Shaylyn,Jozwik,sjozwikfb@edublogs.org,5,1321 Montana Circle,false
14375983,Antonietta,Vynoll,avynollfc@marketwatch.com,4,14119 Morningstar Circle,false
25797941,Cynthea,Stampe,cstampefd@diigo.com,2,11 Hovde Street,true
18479441,Loralee,Pisco,lpiscofe@histats.com,4,9 Grover Alley,false
17917968,Delora,Kirkman,dkirkmanff@ed.gov,3,24 Carioca Place,false
18447774,Siegfried,Lawee,slaweefg@chron.com,1,0897 Old Gate Place,false
13569961,Johan,McClory,jmccloryfh@hostgator.com,3,37566 6th Place,false
22941270,Kimberli,Boissier,kboissierfi@bravesites.com,4,49 Dennis Hill,false
27177022,Melloney,Titherington,mtitheringtonfj@odnoklassniki.ru,5,33989 Forest Run Avenue,true
10251685,Nikolos,Loxly,nloxlyfk@indiatimes.com,2,9455 Messerschmidt Crossing,false
24048619,Niki,Smoughton,nsmoughtonfl@blogs.com,4,54 Basil Drive,false
20355506,Tim,MacKaig,tmackaigfm@auda.org.au,5,91271 Paget Plaza,true
23557169,Marcella,Esslement,messlementfn@theguardian.com,4,9920 Bonner Center,true
15788884,Brita,Bennie,bbenniefo@edublogs.org,2,15 Ryan Plaza,false
9798905,Josie,Melesk,jmeleskfp@un.org,3,63 Little Fleur Road,false
25060124,Herman,Carlsen,hcarlsenfq@elpais.com,1,2816 Buhler Street,true
19868489,Anett,Plait,aplaitfr@macromedia.com,5,676 Rigney Road,true
27234889,Hayley,Manginot,hmanginotfs@home.pl,4,537 Roxbury Alley,false
10078489,Errol,Paterson,epatersonft@lycos.com,3,271 Badeau Junction,false
22015387,Addie,Scoates,ascoatesfu@elpais.com,3,0428 Village Avenue,true
8125267,Barri,Garfitt,bgarfittfv@dedecms.com,5,39 Schmedeman Place,false
8733943,Mel,Schwieso,mschwiesofw@ezinearticles.com,2,52063 Forest Dale Point,false
10737386,Kaile,Heliar,kheliarfx@apple.com,3,79136 Montana Point,false
8700779,Britta,McArthur,bmcarthurfy@trellian.com,5,5459 Larry Road,false
26316780,Flossie,Joul,fjoulfz@wsj.com,4,48854 Buena Vista Circle,true
24439195,Chiarra,Moyle,cmoyleg0@i2i.jp,1,30596 Sycamore Crossing,true
24212277,Karlyn,Palser,kpalserg1@theglobeandmail.com,1,9 Pearson Road,false
24915609,Prentice,Bleythin,pbleything2@ask.com,3,0 Merry Place,false
19624094,Milli,Squirrel,msquirrelg3@apple.com,3,03644 Randy Avenue,true
22828587,Winfred,O'Collopy,wocollopyg4@latimes.com,3,0 Waxwing Trail,false
24299287,Jemie,Mahaddy,jmahaddyg5@1688.com,3,80087 Pennsylvania Way,true
15560579,Maxie,Roydon,mroydong6@psu.edu,5,7004 Stang Lane,true
25783780,Mauricio,Falshaw,mfalshawg7@sphinn.com,5,745 Hagan Center,false
15602910,Lauri,Sutherel,lsutherelg8@edublogs.org,3,13757 Mcbride Junction,true
18774102,Bearnard,Mellody,bmellodyg9@wiley.com,1,8405 Fremont Point,true
16236779,Bealle,Pidgeley,bpidgeleyga@is.gd,2,305 Sachtjen Street,true
17945456,Dante,Shailer,dshailergb@ask.com,3,8 Valley Edge Street,true
27074087,Ellsworth,Rigg,erigggc@wufoo.com,3,3 Loomis Avenue,true
9617166,Ines,Sockell,isockellgd@blogs.com,1,099 Ludington Terrace,true
29323000,Howard,Creer,hcreerge@google.pl,5,6 Waywood Point,true
16397917,Avrit,Payton,apaytongf@globo.com,5,310 Carey Street,false
12151735,Lamar,Dahlberg,ldahlberggg@mozilla.com,2,462 Corry Avenue,false
12749937,Alphard,Twelftree,atwelftreegh@squarespace.com,2,7643 1st Pass,true
28879155,Mick,Tolson,mtolsongi@csmonitor.com,4,80 Ludington Circle,true
10413758,Ashlin,Matthiae,amatthiaegj@addthis.com,1,348 Sunnyside Hill,false
23527572,Rodd,Callington,rcallingtongk@fda.gov,2,72932 Arizona Lane,false
27582306,Forest,MacNucator,fmacnucatorgl@nih.gov,1,27 Forest Run Plaza,true
20189999,Heidie,Brookhouse,hbrookhousegm@deviantart.com,5,3 Esch Alley,true
19041193,Joshua,Lushey,jlusheygn@noaa.gov,5,91 Debra Parkway,true
16201795,Ferd,Reese,freesego@wiley.com,4,096 Graceland Road,false
7380026,Shurwood,Stading,sstadinggp@godaddy.com,5,86661 Cottonwood Parkway,false
21802327,Jason,Wren,jwrengq@eepurl.com,1,234 Bashford Park,true
19857067,Prudy,Belf,pbelfgr@smugmug.com,4,9 Lunder Place,true
22529897,Rois,Maynard,rmaynardgs@blogs.com,3,7 Thackeray Junction,false
19059066,Glad,Laurent,glaurentgt@loc.gov,3,523 Hollow Ridge Pass,true
8692864,Gardie,Hebbs,ghebbsgu@biblegateway.com,2,15551 Hanover Way,false
19128999,Hertha,Udey,hudeygv@omniture.com,1,0 Merry Way,true
19175981,Antonia,Bourrel,abourrelgw@mtv.com,4,66 Lakewood Junction,false
22394666,Annadiana,Kestian,akestiangx@yellowpages.com,1,127 Scoville Junction,false
21248671,Rudolfo,Boodell,rboodellgy@weebly.com,3,94933 Mesta Point,false
25729121,Dukey,Rawdales,drawdalesgz@vkontakte.ru,4,74634 Cherokee Junction,true
26193115,Carmen,Braine,cbraineh0@comcast.net,5,9 Buena Vista Crossing,false
10629364,Ellene,Shrigley,eshrigleyh1@nps.gov,2,2599 Westport Circle,false
13099706,Janel,Earthfield,jearthfieldh2@boston.com,2,93985 Daystar Hill,false
29448883,Jere,Murty,jmurtyh3@thetimes.co.uk,2,18 Gulseth Road,true
17271723,Shaughn,Kinsell,skinsellh4@tripod.com,2,550 Mendota Plaza,false
15023663,Leonidas,Wellan,lwellanh5@state.gov,4,2452 Farmco Point,false
26631925,Rochelle,Conner,rconnerh6@blinklist.com,4,685 Armistice Point,true
24600422,Kirsten,Johl,kjohlh7@baidu.com,5,651 Nancy Road,true
7922806,Matty,Vedenyakin,mvedenyakinh8@mit.edu,5,441 Prairieview Way,true
25137605,Sonnie,Iacovucci,siacovuccih9@ifeng.com,5,08 Transport Lane,true
9182986,Scotty,Grinley,sgrinleyha@blogtalkradio.com,3,574 Mcbride Lane,true
21883639,Dorena,MacVean,dmacveanhb@microsoft.com,3,3365 Vera Way,true
22765836,Isabeau,Macconachy,imacconachyhc@phoca.cz,3,0 Hallows Way,true
16948929,Mariette,Toon,mtoonhd@shutterfly.com,4,5979 Armistice Street,false
26975086,Nicoline,Domm,ndommhe@apple.com,3,85232 Green Street,true
20971694,Hermann,Offield,hoffieldhf@businesswire.com,2,91951 Meadow Ridge Road,true
26722135,Field,McSherry,fmcsherryhg@networksolutions.com,5,4697 Morrow Terrace,true
9058407,Alon,Schiementz,aschiementzhh@1und1.de,1,277 Dunning Parkway,false
26129803,Orran,Newell,onewellhi@delicious.com,1,2 Aberg Hill,false
21290781,Hurleigh,Yukhtin,hyukhtinhj@theglobeandmail.com,2,62 Hovde Court,true
24601539,Romain,Everest,reveresthk@cam.ac.uk,2,09449 Calypso Street,true
8812942,Wallas,O'Beirne,wobeirnehl@businesswire.com,5,86 Vernon Point,false
23405606,Mona,Link,mlinkhm@jugem.jp,2,800 Jenifer Place,true
16588216,Pall,Lamy,plamyhn@tmall.com,4,277 Anzinger Road,true
9577213,Bettina,Pybus,bpybusho@digg.com,5,39 Anniversary Trail,true
18342394,Emelina,Wort,eworthp@pinterest.com,2,3986 Waxwing Center,true
14621914,Aldwin,Ivanusyev,aivanusyevhq@economist.com,1,47314 Donald Place,true
12832390,Zackariah,MacMenemy,zmacmenemyhr@geocities.jp,4,3 Tennyson Circle,false
10065982,Lilias,McInally,lmcinallyhs@webs.com,4,92 Sheridan Point,false
12256531,Clarey,Muino,cmuinoht@ezinearticles.com,3,0 Crowley Court,false
28862836,Wendye,Antusch,wantuschhu@tumblr.com,3,23867 Lake View Place,false
11248720,Court,Drife,cdrifehv@blogs.com,5,0 Havey Circle,false
22182848,Rudolf,Hallewell,rhallewellhw@columbia.edu,5,4139 Northland Road,true
14467271,Garrik,Alner,galnerhx@ebay.com,1,246 Springview Drive,true
23156141,Bertram,Coleiro,bcoleirohy@mapy.cz,5,94 Sage Way,true
15152230,Roldan,Janusik,rjanusikhz@fastcompany.com,5,993 Summit Terrace,false
7185325,Dougy,Goranov,dgoranovi0@icio.us,2,356 Crowley Circle,true
21106494,Janelle,Fivey,jfiveyi1@kickstarter.com,5,471 Mallory Terrace,true
25958288,Debbie,Dunsford,ddunsfordi2@1688.com,5,47196 Bluejay Drive,false
11827953,Waly,Proudler,wproudleri3@bbb.org,5,2 Rigney Place,false
28991920,Marius,Muat,mmuati4@youku.com,4,02 Dawn Point,true
9834795,Blanca,Heath,bheathi5@java.com,5,9 Granby Point,true
18245134,Peter,Childes,pchildesi6@vimeo.com,3,2 Pankratz Terrace,true
9331076,Jarvis,Fallows,jfallowsi7@spotify.com,1,2563 Trailsway Pass,false
22527046,Aldridge,Rack,aracki8@yellowbook.com,3,259 Prairie Rose Point,true
20379484,Paolo,Mathely,pmathelyi9@123-reg.co.uk,4,499 Bay Junction,true
8066801,Cordy,Legier,clegieria@moonfruit.com,4,55 Talmadge Street,false
26116849,Trixi,Freyn,tfreynib@prweb.com,2,1 Troy Parkway,false
9012756,Orton,Yallowley,oyallowleyic@sogou.com,5,41 Truax Terrace,false
11591942,Roda,Withnall,rwithnallid@usa.gov,2,75562 Blaine Place,false
10900333,Berte,Duckham,bduckhamie@netscape.com,4,39603 Bayside Pass,true
21011376,Cole,Whitehead,cwhiteheadif@hubpages.com,5,95843 Welch Avenue,false
27031913,Stanleigh,Severs,sseversig@cbsnews.com,1,80477 Hallows Road,true
23927068,Shalne,Eastes,seastesih@miibeian.gov.cn,3,5075 Oriole Way,true
7364067,Alejoa,De Minico,ademinicoii@guardian.co.uk,3,6 Hallows Avenue,false
15111722,Ruby,Beards,rbeardsij@freewebs.com,2,80 Lakewood Pass,false
8732236,Anna-diane,Arens,aarensik@unesco.org,2,364 Spohn Plaza,true
25933727,Flo,Wilsher,fwilsheril@t.co,2,7 Lyons Point,true
9961696,Liva,Blindt,lblindtim@tripod.com,5,6 Village Pass,false
17388774,Kennett,Caen,kcaenin@discuz.net,4,8 Kingsford Terrace,false
23232154,Helenelizabeth,Meaker,hmeakerio@unesco.org,3,7 Stephen Junction,true
25562609,Babara,Pledger,bpledgerip@youtube.com,4,85190 Loeprich Trail,false
23993866,Nyssa,Rudolf,nrudolfiq@webnode.com,5,94 Clarendon Plaza,true
25953952,Reagan,De Gogay,rdegogayir@ocn.ne.jp,2,8 Delaware Plaza,false
22811228,Lotti,Daintree,ldaintreeis@example.com,3,9371 Fallview Road,true
25537242,Hanan,Ofer,hoferit@51.la,2,9 Schurz Plaza,false
19107153,Agnese,Linay,alinayiu@nsw.gov.au,4,146 Blaine Plaza,false
20022974,Bartlet,Merchant,bmerchantiv@wordpress.org,5,04 Birchwood Road,false
24929627,Phedra,Gownge,pgowngeiw@epa.gov,1,6 Cardinal Pass,false
23641195,Amie,Allmann,aallmannix@yahoo.com,2,5 Menomonie Court,false
10553908,Ede,Osipov,eosipoviy@twitpic.com,4,37567 Memorial Drive,true
22761770,Bo,Mongeot,bmongeotiz@canalblog.com,2,314 Rowland Junction,false
9969208,Ramsey,Renhard,rrenhardj0@joomla.org,4,58 Talisman Court,false
27305173,Maxim,de Amaya,mdeamayaj1@addtoany.com,3,58 Maywood Avenue,true
16171857,Sydelle,Dilleway,sdillewayj2@sciencedaily.com,4,95 American Drive,false
10589105,Inna,Ceney,iceneyj3@chicagotribune.com,3,18 Dottie Road,false
20737756,Deonne,Flatte,dflattej4@theglobeandmail.com,3,66162 3rd Parkway,true
22073122,Cosette,Poundford,cpoundfordj5@netscape.com,2,7 Hagan Plaza,true
12281848,Michel,Tease,mteasej6@technorati.com,2,75913 Grover Center,false
9056079,Jeffrey,Dibling,jdiblingj7@ucla.edu,1,2 Daystar Way,false
11003000,Sibelle,Raigatt,sraigattj8@artisteer.com,2,597 Roxbury Way,true
11563217,Prescott,Chillingworth,pchillingworthj9@reference.com,3,80 John Wall Plaza,true
12300172,Skyler,Juden,sjudenja@reddit.com,3,1978 Autumn Leaf Way,false
19651113,Katrine,Moret,kmoretjb@tinyurl.com,5,2246 Bobwhite Place,false
8921521,Jedidiah,Aldine,jaldinejc@bandcamp.com,5,94490 Meadow Vale Street,false
12051348,Dexter,Benton,dbentonjd@salon.com,4,344 Hollow Ridge Road,true
10907798,Melonie,Cordon,mcordonje@bizjournals.com,4,5846 Northland Trail,false
28345166,Nero,Diano,ndianojf@imageshack.us,3,863 Westridge Point,false
26714660,Rosette,Ewdale,rewdalejg@seesaa.net,5,822 Twin Pines Way,true
20829223,Osbert,Smallwood,osmallwoodjh@accuweather.com,1,8 School Lane,true
16333009,Ema,Eyckel,eeyckelji@histats.com,1,30 Manley Trail,false
15156996,Loreen,Colecrough,lcolecroughjj@latimes.com,2,97264 Luster Park,true
19232012,Claribel,Skillitt,cskillittjk@patch.com,4,2 Quincy Place,false
11524241,Michaelina,Runacres,mrunacresjl@angelfire.com,3,3 Sachtjen Lane,true
28232687,Eduino,Lodeke,elodekejm@independent.co.uk,5,450 Marquette Drive,false
29786153,Giovanna,Cluer,gcluerjn@bbb.org,4,77371 Sherman Way,false
9348516,Baillie,Tremontana,btremontanajo@telegraph.co.uk,3,8189 Eastlawn Way,false
24698310,Tobey,Fennell,tfennelljp@addthis.com,5,2 Londonderry Drive,true
20783792,Cord,Trowill,ctrowilljq@1688.com,4,111 Red Cloud Alley,true
28873797,Demetra,Dobby,ddobbyjr@icio.us,2,92 Meadow Vale Plaza,false
29292609,Austin,Mackneis,amackneisjs@slideshare.net,2,387 Banding Park,false
28602092,Marv,Minocchi,mminocchijt@boston.com,1,9828 3rd Street,false
13216660,Astrid,Peebles,apeeblesju@last.fm,4,9 Mallard Way,true
28095270,Selig,Tebbutt,stebbuttjv@woothemes.com,1,1784 Sloan Road,false
29461638,Lonni,Barczewski,lbarczewskijw@quantcast.com,2,9 2nd Street,true
8621616,Kyle,Kauffman,kkauffmanjx@macromedia.com,3,0230 Buena Vista Hill,false
7964582,Lorin,Cotsford,lcotsfordjy@discovery.com,3,62 Spohn Terrace,false
8130104,Josee,Gurnell,jgurnelljz@naver.com,1,86447 Gerald Street,true
27296769,Correy,Thunnerclef,cthunnerclefk0@infoseek.co.jp,3,70 Beilfuss Terrace,false
17498088,Marley,Lissimore,mlissimorek1@europa.eu,2,25929 Di Loreto Trail,false
14627704,Patrick,Denman,pdenmank2@jigsy.com,4,157 Charing Cross Drive,true
14634297,Olwen,Guppy,oguppyk3@disqus.com,3,2943 Troy Alley,false
21031500,Parsifal,Entwhistle,pentwhistlek4@thetimes.co.uk,1,0 Sunbrook Trail,false
11787462,Molli,Molloy,mmolloyk5@meetup.com,3,63 Tony Point,false
12890291,Lin,Quenell,lquenellk6@ezinearticles.com,4,81 Kedzie Parkway,false
19951901,Fred,Nye,fnyek7@npr.org,2,47 Kedzie Pass,false
8076155,Halsey,Scipsey,hscipseyk8@devhub.com,3,481 Buell Circle,false
24436241,Devonne,Copozio,dcopoziok9@mac.com,3,40366 Maple Center,false
16092684,Roseline,Kenvin,rkenvinka@youtu.be,3,06079 Bartelt Terrace,true
11175007,Burlie,Treadgold,btreadgoldkb@t-online.de,2,24514 Harper Trail,true
28806426,Andie,Ridett,aridettkc@constantcontact.com,5,2 Transport Center,false
16085768,Cly,Gant,cgantkd@weather.com,2,11021 Forest Dale Park,false
24777605,Gregorius,Balshaw,gbalshawke@vinaora.com,2,91170 Michigan Terrace,false
16206182,Bernadette,Cluckie,bcluckiekf@slate.com,4,6774 Arkansas Avenue,false
7579161,Else,De Witt,edewittkg@nytimes.com,5,3786 Heffernan Way,false
26157848,Klaus,Megroff,kmegroffkh@reference.com,4,3538 7th Crossing,false
27660501,Phip,Andrin,pandrinki@businesswire.com,3,65 Farmco Trail,false
17401602,Lynde,Mixer,lmixerkj@yahoo.co.jp,1,94964 Eastwood Junction,true
10028074,Ashly,Lunn,alunnkk@t.co,1,8837 Hauk Road,false
13563276,Ailina,Caught,acaughtkl@last.fm,3,2 Rigney Road,false
7775901,Dotty,Braker,dbrakerkm@woothemes.com,2,695 Eliot Park,false
15008556,Ajay,Illsley,aillsleykn@privacy.gov.au,5,454 Merchant Point,true
20525551,Margaretta,Spada,mspadako@xinhuanet.com,3,19 Monterey Pass,false
21648764,Hermon,Sanham,hsanhamkp@latimes.com,5,25938 Huxley Center,false
25699519,Wolfgang,McCambrois,wmccambroiskq@japanpost.jp,3,99871 Golf Way,true
19248116,Humfrid,Craft,hcraftkr@g.co,1,5780 Prentice Avenue,false
17961845,Mendie,McAuley,mmcauleyks@friendfeed.com,3,64080 Hoard Place,false
19630884,Cory,Barkes,cbarkeskt@ehow.com,4,08985 Bonner Junction,false
23764107,Lia,Spiers,lspiersku@sina.com.cn,1,98 Briar Crest Alley,true
10110204,Deborah,Stenbridge,dstenbridgekv@nationalgeographic.com,4,7 Thompson Terrace,true
24961651,Hyman,Lobley,hlobleykw@mediafire.com,3,32 Mockingbird Court,true
29241447,Bernette,Gritsaev,bgritsaevkx@google.co.uk,4,142 Brentwood Alley,false
18849713,Raff,Petkens,rpetkensky@ow.ly,4,931 Havey Crossing,true
10792648,Julian,Portail,jportailkz@nba.com,4,1 Troy Pass,true
16271407,Wald,Layburn,wlayburnl0@nih.gov,5,69886 Manitowish Avenue,false
16752668,Pauly,Giacobelli,pgiacobellil1@about.com,3,3 Hoffman Road,true
15163919,Nicol,Inkles,ninklesl2@java.com,4,60 Hayes Park,true
23577653,Ardith,Steel,asteell3@businessweek.com,3,89374 Beilfuss Park,false
9022161,Kial,Pilch,kpilchl4@zdnet.com,1,66938 Orin Terrace,false
29358263,Laina,Lindenman,llindenmanl5@foxnews.com,5,80 Barby Hill,true
10277330,Lorne,Blanckley,lblanckleyl6@gnu.org,5,058 Debra Pass,false
19099391,Carolus,McKitterick,cmckitterickl7@businesswire.com,5,758 Fairfield Street,true
25679138,Amalea,Androletti,aandrolettil8@miibeian.gov.cn,3,01 Briar Crest Circle,true
11466043,Melody,Phebee,mphebeel9@engadget.com,1,75431 Judy Crossing,false
12654901,Irene,Beasant,ibeasantla@webs.com,5,34580 Sachtjen Crossing,false
13965866,Salomon,Reece,sreecelb@last.fm,1,051 Northport Court,false
29917629,Anders,D'Aubney,adaubneylc@hugedomains.com,3,1 Mallard Parkway,true
13520910,Dahlia,McFeate,dmcfeateld@diigo.com,4,455 Lillian Parkway,false
22233132,Valaria,Carlett,vcarlettle@tinyurl.com,4,65013 Nancy Crossing,false
12100980,Evangelin,Buckenhill,ebuckenhilllf@ow.ly,5,619 Roth Drive,true
26111326,Arv,Pourvoieur,apourvoieurlg@ted.com,4,2407 Melrose Center,true
15265758,Gray,Wilcot,gwilcotlh@google.fr,4,4859 Farwell Center,false
12267495,Brynna,Skamal,bskamalli@canalblog.com,4,33818 Dunning Terrace,false
15808455,Manny,Wotherspoon,mwotherspoonlj@adobe.com,4,559 Killdeer Street,true
9697564,Joyce,Sherred,jsherredlk@live.com,4,0 Spohn Way,false
22921800,Quincy,Abbay,qabbayll@yelp.com,4,327 South Plaza,false
7292557,Noemi,Baff,nbafflm@jimdo.com,5,3 Lukken Plaza,false
10021067,Gill,Adolfson,gadolfsonln@jiathis.com,5,5 Meadow Valley Parkway,true
24624767,Borden,Bwye,bbwyelo@blogger.com,1,5 Bartelt Court,false
15929428,Tate,Rusted,trustedlp@hc360.com,1,2823 Swallow Center,false
21367571,Markos,Strutton,mstruttonlq@archive.org,5,4 High Crossing Parkway,false
29624110,Standford,Pyecroft,spyecroftlr@ucsd.edu,5,1 Huxley Center,false
8573982,Shirlene,Craik,scraikls@patch.com,4,575 Luster Point,false
22654942,Zsa zsa,Wheelton,zwheeltonlt@ocn.ne.jp,3,72390 Golden Leaf Way,true
29255397,Rosy,Treneman,rtrenemanlu@elegantthemes.com,5,9 North Center,false
10272730,Amberly,Tixall,atixalllv@dailymotion.com,2,4681 Sheridan Terrace,false
24648123,Shepard,Vicioso,sviciosolw@fema.gov,2,98489 American Ash Crossing,true
28245806,Leif,Inglefield,linglefieldlx@uol.com.br,2,918 Schurz Pass,true
22774484,Kliment,Geddes,kgeddesly@geocities.jp,3,5 Everett Circle,false
14890918,Pancho,Bispo,pbispolz@yellowbook.com,2,47 Ridgeview Street,false
23655112,Jacobo,Eyles,jeylesm0@is.gd,3,669 Debra Way,false
24627700,Becka,Hudleston,bhudlestonm1@com.com,5,8 Dwight Crossing,false
27842486,Benedikt,Batte,bbattem2@craigslist.org,4,37199 Harper Circle,true
16752679,Lila,Waterstone,lwaterstonem3@discovery.com,4,46 Lyons Place,false
26244215,Friedrich,Aggis,faggism4@jugem.jp,5,96 Golf View Drive,false
19643839,Bendicty,Greenstead,bgreensteadm5@paypal.com,1,354 Saint Paul Terrace,false
20848548,Odilia,Bunney,obunneym6@xrea.com,4,39 Macpherson Parkway,false
21547305,Jules,Hubbold,jhubboldm7@ask.com,5,13 Blackbird Way,false
16483552,Mariel,Crankshaw,mcrankshawm8@shareasale.com,2,85 Nova Trail,true
15618535,Wylie,Baccas,wbaccasm9@goodreads.com,1,5 Forster Park,false
18546093,Annmaria,Mitham,amithamma@histats.com,3,17087 Green Ridge Plaza,false
9081685,Piper,Kyberd,pkyberdmb@4shared.com,4,737 High Crossing Crossing,true
15457957,Renaud,Wolfenden,rwolfendenmc@fastcompany.com,5,2 Shelley Court,true
8130195,Karee,Kalderon,kkalderonmd@acquirethisname.com,5,52 Blaine Center,true
22432481,Cheri,Donson,cdonsonme@wp.com,1,90 Hayes Trail,false
7103421,Arnuad,Haitlie,ahaitliemf@mail.ru,4,2 Garrison Lane,false
25376126,Hyacinthia,Struther,hstruthermg@miibeian.gov.cn,2,6 5th Road,false
18793108,Jeremias,Wolfers,jwolfersmh@wikispaces.com,3,6731 Mitchell Plaza,true
19703986,Marlee,Pentelow,mpentelowmi@pcworld.com,5,316 Esker Place,false
29510332,Reg,Villaron,rvillaronmj@businesswire.com,4,263 Linden Point,true
13647216,Xylia,Nowaczyk,xnowaczykmk@twitpic.com,3,01392 Steensland Place,true
12435320,Kevan,Dorricott,kdorricottml@jigsy.com,3,36 Gale Center,true
10343090,Shay,Santus,ssantusmm@taobao.com,1,99 Redwing Pass,false
23126950,Eydie,Starsmore,estarsmoremn@wsj.com,3,335 Harper Alley,false
8621241,Marlyn,Florence,mflorencemo@irs.gov,2,50185 Continental Circle,true
12424129,Anni,Dewsbury,adewsburymp@weibo.com,2,0 Spenser Street,true
20318428,Pat,Hazlegrove,phazlegrovemq@weather.com,4,68988 Forest Run Court,true
20059852,Yorgo,Coen,ycoenmr@nps.gov,2,645 Marquette Lane,false
20201425,Roxy,Beidebeke,rbeidebekems@fastcompany.com,2,1 Swallow Point,true
13778645,Belinda,Boissier,bboissiermt@wiley.com,5,791 Fulton Park,true
24363103,Tobe,Grimolbie,tgrimolbiemu@microsoft.com,4,00 Thompson Park,false
19044749,Honey,Maffione,hmaffionemv@goo.gl,5,6 Anniversary Center,true
27797586,Derrik,Kiddie,dkiddiemw@accuweather.com,4,6 Melvin Court,false
23705275,Clemmie,Bending,cbendingmx@newsvine.com,3,85 Moose Court,false
12645546,Drucy,Pechold,dpecholdmy@springer.com,2,28 Bunting Road,false
21901168,Kalina,Partridge,kpartridgemz@time.com,5,3 Russell Terrace,true
24504519,Ahmed,Don,adonn0@tripod.com,4,2 Rowland Street,true
19657818,Kerianne,Trevain,ktrevainn1@goo.gl,1,220 Trailsway Court,false
12754889,Perry,Schulken,pschulkenn2@addtoany.com,4,19 Truax Circle,true
10767358,Rubetta,Rivard,rrivardn3@unc.edu,3,81 Eagle Crest Street,false
21339497,Gregoire,Fakeley,gfakeleyn4@delicious.com,1,65 Kipling Place,false
7807434,Tamas,Fleckney,tfleckneyn5@cbc.ca,5,88 Eggendart Court,false
11197086,Abie,Fludder,afluddern6@hhs.gov,2,565 Shopko Avenue,false
20215805,Griff,Quinnette,gquinnetten7@shinystat.com,4,39 Dryden Drive,false
13806125,Penny,Sedgemore,psedgemoren8@google.de,1,187 Arizona Junction,true
7837783,Allene,Lightbown,alightbownn9@yellowpages.com,3,48030 Norway Maple Alley,false
18859130,Anestassia,Tourot,atourotna@smugmug.com,3,20 Artisan Plaza,false
16000053,Flor,Lakeman,flakemannb@plala.or.jp,2,87036 Lunder Center,true
29257102,Mindy,Riche,mrichenc@howstuffworks.com,5,4 Linden Street,true
21089566,Carolyn,Itzkovsky,citzkovskynd@huffingtonpost.com,5,46 Mcbride Park,true
27697954,Ethelind,Braker,ebrakerne@ning.com,4,57 Gina Place,true
14943145,Bart,Cosslett,bcosslettnf@hp.com,5,752 American Ash Point,false
20946015,Carmelia,Corson,ccorsonng@pcworld.com,4,21941 Mallory Street,false
20092795,Darrel,Swigger,dswiggernh@chicagotribune.com,4,803 American Park,false
16316412,Franny,Alvis,falvisni@github.com,1,30720 Scott Road,true
19112265,Eldridge,Pressnell,epressnellnj@ucoz.com,3,29635 Almo Alley,true
19431184,Tatum,Scolts,tscoltsnk@hexun.com,4,1262 Colorado Plaza,true
13554572,Giralda,Noone,gnoonenl@issuu.com,2,8 Kingsford Park,false
19325738,Berne,Gisbourn,bgisbournnm@wunderground.com,4,01770 Namekagon Parkway,true
10675541,Danie,Arney,darneynn@loc.gov,3,2036 Magdeline Drive,true
22387910,Joya,Coath,jcoathno@engadget.com,1,6 Burrows Avenue,true
20761530,Devy,Chominski,dchominskinp@elpais.com,2,1 Welch Circle,false
16480692,Vivian,Lisimore,vlisimorenq@wordpress.com,4,7337 Erie Terrace,false
28822049,Marris,Simonaitis,msimonaitisnr@prnewswire.com,1,6 Superior Court,false
14412390,Magdalene,Hanretty,mhanrettyns@squidoo.com,4,320 Helena Junction,true
27051555,Haleigh,Spinnace,hspinnacent@tuttocitta.it,1,5 Norway Maple Place,true
22909881,Caty,Abdee,cabdeenu@clickbank.net,5,400 Anzinger Way,true
20875859,Lanny,Egdal,legdalnv@joomla.org,3,765 Garrison Pass,true
14904657,Giselle,Dignon,gdignonnw@mozilla.com,5,59 Glendale Alley,true
25758924,Tam,Cholomin,tcholominnx@ask.com,5,1308 Declaration Drive,true
19192288,Reese,Chapelhow,rchapelhowny@rambler.ru,5,4 Kropf Hill,false
28961941,Blondelle,Cowins,bcowinsnz@nps.gov,3,4935 Acker Alley,false
10646713,Mathilda,Muckleston,mmucklestono0@google.nl,5,9 Del Sol Terrace,false
24306927,Edith,Pattle,epattleo1@naver.com,3,30723 Havey Point,false
18460095,Maris,Silby,msilbyo2@opensource.org,5,393 Transport Park,true
26005425,Malynda,Caldecot,mcaldecoto3@privacy.gov.au,2,2024 Waxwing Pass,true
10481588,Ira,Charge,ichargeo4@gizmodo.com,5,5392 Charing Cross Parkway,false
12439871,Ilise,Warne,iwarneo5@skype.com,5,9570 Lunder Drive,false
22728254,Alisa,Dudderidge,adudderidgeo6@netvibes.com,1,78 Bellgrove Plaza,false
7740799,Jere,De Gregario,jdegregarioo7@wunderground.com,5,38 Bluestem Place,true
20389513,Elladine,Lowy,elowyo8@dropbox.com,3,1 Mesta Way,false
20511480,Miltie,Hallard,mhallardo9@eepurl.com,1,37328 Ryan Park,false
12435275,Mair,Clarke-Williams,mclarkewilliamsoa@ebay.com,3,0394 Arizona Alley,false
18503857,Corri,Demsey,cdemseyob@aol.com,5,934 Corscot Center,false
19735303,Jonis,Macias,jmaciasoc@sciencedaily.com,2,40 Tennessee Way,false
13921509,Eba,Maisey,emaiseyod@nationalgeographic.com,5,5 Jay Trail,true
10436185,Betty,Duckers,bduckersoe@webmd.com,4,85 Farmco Pass,false
11898986,Goran,McLukie,gmclukieof@time.com,1,66 Iowa Point,true
13685541,Ninnetta,Paike,npaikeog@mapquest.com,3,264 Village Center,false
26240829,Anica,Crebbin,acrebbinoh@mozilla.org,5,8382 Texas Circle,false
19564478,Ernestine,MacCroary,emaccroaryoi@cyberchimps.com,5,19922 Bayside Way,true
28085449,Clerissa,Melsom,cmelsomoj@cbc.ca,2,2828 Namekagon Parkway,false
24868387,Yelena,Milillo,ymilillook@ibm.com,4,56181 Paget Court,true
9469645,Arvin,Fantonetti,afantonettiol@house.gov,4,43175 Coleman Parkway,false
19242077,Abbi,Sybbe,asybbeom@mlb.com,3,04 Tennyson Circle,true
8294797,Deeyn,Benediktsson,dbenediktssonon@booking.com,5,65092 Basil Place,false
28580433,Fletcher,Wigfall,fwigfalloo@hhs.gov,3,5510 Parkside Crossing,true
20969173,Kellia,Marusyak,kmarusyakop@imgur.com,4,0 Vera Junction,false
19836349,Muire,Torry,mtorryoq@indiatimes.com,2,9150 Northwestern Circle,false
28017663,Porty,Grinnikov,pgrinnikovor@prlog.org,5,4 Larry Plaza,false
12877133,Guglielma,Botterell,gbotterellos@ted.com,4,14425 Parkside Drive,false
21358071,Alie,Crispin,acrispinot@accuweather.com,3,74 Goodland Trail,false
29146001,Rodolfo,Sharnock,rsharnockou@liveinternet.ru,2,93459 Dorton Drive,false
13696151,Erasmus,Sopper,esopperov@indiegogo.com,2,8726 Pine View Parkway,true
23832327,Rebecka,Migheli,rmigheliow@cnet.com,1,30 Fair Oaks Place,true
15987932,Sharyl,Geeves,sgeevesox@skyrock.com,2,31 Briar Crest Parkway,true
14143795,Lorain,Orrock,lorrockoy@craigslist.org,2,62 Westend Crossing,false
25585766,Rudolfo,Fell,rfelloz@issuu.com,4,53142 Southridge Court,true
16016019,Toinette,Cleghorn,tcleghornp0@ning.com,2,0 Raven Terrace,true
25664726,Persis,Yarrall,pyarrallp1@va.gov,4,6 Stoughton Lane,true
21071384,Constantine,Lowton,clowtonp2@artisteer.com,5,25 Jana Hill,true
21158213,Edyth,Bernocchi,ebernocchip3@studiopress.com,5,2 Havey Crossing,true
29102970,Gregoor,Harpham,gharphamp4@theglobeandmail.com,4,8240 Columbus Place,true
7937032,Olivie,McKerlie,omckerliep5@hatena.ne.jp,3,01688 Jenna Trail,true
24994964,Violante,Orans,voransp6@disqus.com,5,31213 Bultman Place,true
26381449,Uri,Larman,ularmanp7@house.gov,5,1927 Pepper Wood Crossing,true
16414468,Marietta,Gally,mgallyp8@github.io,2,32924 Transport Terrace,false
23081553,Bev,Strapp,bstrappp9@blinklist.com,3,00 Hansons Crossing,false
19419056,Cesare,Servis,cservispa@joomla.org,3,65 Hagan Crossing,false
17222655,Lay,Gabler,lgablerpb@ca.gov,5,7 Sloan Street,true
7802674,Ashbey,Cunio,acuniopc@narod.ru,2,5175 Roxbury Crossing,true
27141680,Rana,Cruden,rcrudenpd@icq.com,3,58840 Killdeer Junction,true
7816779,Ephraim,Van Cassel,evancasselpe@w3.org,3,282 Packers Hill,false
29368126,Muffin,Emanuelli,memanuellipf@tmall.com,4,6463 Lyons Avenue,false
15228252,Ilise,Stennet,istennetpg@mozilla.org,2,44532 Kipling Lane,false
20916748,Quinton,Di Ruggiero,qdiruggieroph@seesaa.net,2,09 Hooker Park,false
21569224,Pippo,Labdon,plabdonpi@usgs.gov,5,7 Northwestern Place,false
26859163,Skell,Kinver,skinverpj@blogtalkradio.com,5,08 Huxley Center,false
29064564,Normand,Ashfield,nashfieldpk@paginegialle.it,4,61 Sycamore Hill,true
13406838,Shaun,Echelle,sechellepl@oakley.com,4,300 Sunbrook Way,true
12127303,Jory,Jahan,jjahanpm@yandex.ru,5,7 Mcguire Lane,false
29223830,Phedra,Sparshett,psparshettpn@twitpic.com,3,39 Calypso Alley,true
28429540,Herb,Petrovykh,hpetrovykhpo@facebook.com,5,47102 Bayside Way,false
10654221,Ami,Bediss,abedisspp@unblog.fr,1,5019 Londonderry Drive,true
15362640,Cristin,Jelfs,cjelfspq@webeden.co.uk,5,9619 Goodland Parkway,false
27108382,Luciano,Guerrieri,lguerrieripr@multiply.com,1,0194 Crest Line Plaza,false
13928605,Warde,Budgen,wbudgenps@oracle.com,2,6414 Dryden Terrace,false
12271609,Mickey,Wrey,mwreypt@ucla.edu,3,606 Mcguire Center,true
15473366,Angeline,Tullis,atullispu@quantcast.com,2,523 Fisk Parkway,false
24818094,Bank,Wrathmall,bwrathmallpv@biblegateway.com,5,82401 Anniversary Junction,false
19248102,Phil,Kieran,pkieranpw@google.co.jp,5,99455 Elmside Crossing,true
23928910,Kristine,Darnborough,kdarnboroughpx@forbes.com,3,94653 Talmadge Way,false
15340058,Easter,Cheevers,echeeverspy@gmpg.org,2,91 Bartelt Avenue,false
11693342,Aviva,Ferdinand,aferdinandpz@cisco.com,4,8 Saint Paul Lane,false
25255529,Weber,Calderon,wcalderonq0@imageshack.us,1,0 Rusk Circle,false
21082735,Tracie,Baroux,tbarouxq1@photobucket.com,4,8700 Redwing Avenue,false
16056261,Bev,Troup,btroupq2@ibm.com,2,9 Cardinal Park,true
28316720,Cosmo,Moneypenny,cmoneypennyq3@loc.gov,3,7 Carioca Circle,true
9821240,Cliff,Tosspell,ctosspellq4@lulu.com,5,6652 Warbler Point,true
18639450,Geoffrey,Lavelle,glavelleq5@buzzfeed.com,4,4 Farwell Court,false
9868973,Lanie,Snowling,lsnowlingq6@icio.us,4,9 Macpherson Way,true
25940290,Sherye,Throughton,sthroughtonq7@flavors.me,4,31660 Barnett Way,true
9673154,Mavis,McMurdo,mmcmurdoq8@acquirethisname.com,1,82905 Cambridge Avenue,false
23003726,Jillie,Netting,jnettingq9@tinypic.com,3,88 Truax Pass,true
17128932,Meris,Brattell,mbrattellqa@hhs.gov,5,803 Laurel Pass,true
19367483,Cara,Evison,cevisonqb@networksolutions.com,3,2 Algoma Crossing,false
12468968,Jeffy,Aggio,jaggioqc@house.gov,5,12 Ohio Junction,false
9182409,Rennie,Murray,rmurrayqd@hud.gov,4,69354 Golden Leaf Court,false
16464803,Hieronymus,Girke,hgirkeqe@tripadvisor.com,1,630 Maple Parkway,false
21135891,Hannah,Pandey,hpandeyqf@umich.edu,4,6 Homewood Court,false
28727913,Colet,Jenicke,cjenickeqg@msu.edu,2,29 Loeprich Circle,true
25261301,Jareb,Rusted,jrustedqh@scientificamerican.com,2,1 Mallory Avenue,false
8652271,Koral,Jest,kjestqi@angelfire.com,2,43 Shoshone Lane,false
25412789,Hanna,Berick,hberickqj@dmoz.org,1,6 Golf Course Crossing,true
13232428,Hedda,Renneke,hrennekeqk@technorati.com,1,466 Wayridge Drive,false
23071635,Caresa,Freyne,cfreyneql@jalbum.net,1,53 Doe Crossing Way,true
25714818,Ashby,Ramm,arammqm@epa.gov,3,292 Mariners Cove Place,true
7247851,Malinda,Andrivel,mandrivelqn@etsy.com,2,7 Monica Place,true
15265529,Bertina,Sanford,bsanfordqo@wunderground.com,2,98 Twin Pines Place,false
11231802,Robbert,Medgwick,rmedgwickqp@addthis.com,2,60305 Weeping Birch Junction,true
9392051,Corina,Rowles,crowlesqq@prlog.org,2,313 Green Drive,false
18137022,Kizzee,Kernaghan,kkernaghanqr@jalbum.net,5,207 Sullivan Junction,true
24568251,Linn,Barlie,lbarlieqs@home.pl,2,622 Sullivan Circle,false
23567642,Aurel,Brockett,abrockettqt@twitter.com,3,6922 Green Lane,true
18370753,Raphael,Mapstone,rmapstonequ@dot.gov,3,478 Arrowood Way,false
13432466,Reinhard,Trever,rtreverqv@free.fr,2,8165 Kim Junction,false
25248911,Lethia,Tomes,ltomesqw@unc.edu,3,5494 Scofield Center,true
16857050,Zorina,Ounsworth,zounsworthqx@pen.io,1,4 Larry Center,false
8933805,Carly,Assad,cassadqy@tamu.edu,4,8 Vernon Circle,true
26515917,Ted,Angrick,tangrickqz@barnesandnoble.com,3,34 Glacier Hill Center,true
29295542,Milli,Leisk,mleiskr0@fastcompany.com,1,85890 Holmberg Pass,false
22196574,Dorothee,Guinness,dguinnessr1@apple.com,5,077 Declaration Hill,false
23309366,Micheil,Rodder,mrodderr2@earthlink.net,1,1985 Duke Crossing,true
24995742,Jilli,Hann,jhannr3@ucoz.com,2,8253 Sullivan Crossing,true
19321959,Cynthy,Oxshott,coxshottr4@sbwire.com,5,9193 Del Sol Hill,true
15275901,Gwyneth,Spellessy,gspellessyr5@samsung.com,2,8881 Monica Road,false
10256699,Dynah,Norfolk,dnorfolkr6@hud.gov,3,8 Homewood Pass,true
20312182,Dulce,Lainton,dlaintonr7@posterous.com,3,9 Delladonna Plaza,true
9914047,Tallulah,Gilburt,tgilburtr8@addtoany.com,2,6 Harbort Point,false
25459077,Eric,Milby,emilbyr9@nymag.com,2,66 American Ash Crossing,true
13532900,Alvera,Frizell,afrizellra@businessweek.com,3,763 Stoughton Hill,false
15495968,Nealy,Silverton,nsilvertonrb@pen.io,4,51041 Jana Terrace,false
27124096,Dannie,Foddy,dfoddyrc@washingtonpost.com,4,64 Truax Center,false
11342168,Galven,Dumblton,gdumbltonrd@accuweather.com,3,39502 Bonner Way,true
12320316,Kenn,Strutley,kstrutleyre@barnesandnoble.com,2,8 Blackbird Center,true
25847481,Verge,Pirozzi,vpirozzirf@godaddy.com,3,4792 Ridge Oak Street,true
16072709,Netty,Askaw,naskawrg@fema.gov,5,97897 Elgar Parkway,false
21554875,Jude,Onyon,jonyonrh@csmonitor.com,2,02842 Monterey Park,false
22987795,Adair,Filipychev,afilipychevri@utexas.edu,5,049 Farragut Park,true
13946507,Terese,Mintoft,tmintoftrj@tinyurl.com,3,18007 Porter Center,true
11944828,Daniel,Olman,dolmanrk@yelp.com,1,2556 Waxwing Parkway,true
20079597,Emanuele,Peterson,epetersonrl@trellian.com,1,59876 Forster Junction,true
20322305,Kalil,Rickets,kricketsrm@weibo.com,1,17776 Novick Place,true
23899503,Jessamine,Davidovicz,jdavidoviczrn@sourceforge.net,5,6 Orin Avenue,true
16827528,Tracie,Steaning,tsteaningro@fastcompany.com,1,1 Superior Junction,false
15115350,Gil,Kobierzycki,gkobierzyckirp@zimbio.com,3,757 Goodland Point,true
20271963,Burl,Weinmann,bweinmannrq@bing.com,5,44762 Kingsford Center,true
9051930,Dyna,Rogister,drogisterrr@tripod.com,4,149 South Drive,true
